-- phpMyAdmin SQL Dump
-- version 4.5.4.1deb2ubuntu2
-- http://www.phpmyadmin.net
--
-- Host: localhost
-- Generation Time: Feb 19, 2018 at 03:05 PM
-- Server version: 5.7.21-0ubuntu0.16.04.1
-- PHP Version: 7.0.27-1+ubuntu16.04.1+deb.sury.org+1

SET SQL_MODE = "NO_AUTO_VALUE_ON_ZERO";
SET time_zone = "+00:00";


/*!40101 SET @OLD_CHARACTER_SET_CLIENT=@@CHARACTER_SET_CLIENT */;
/*!40101 SET @OLD_CHARACTER_SET_RESULTS=@@CHARACTER_SET_RESULTS */;
/*!40101 SET @OLD_COLLATION_CONNECTION=@@COLLATION_CONNECTION */;
/*!40101 SET NAMES utf8mb4 */;

--
-- Database: `eapi`
--

-- --------------------------------------------------------

--
-- Table structure for table `migrations`
--

CREATE TABLE `migrations` (
  `id` int(10) UNSIGNED NOT NULL,
  `migration` varchar(255) COLLATE utf8mb4_unicode_ci NOT NULL,
  `batch` int(11) NOT NULL
) ENGINE=InnoDB DEFAULT CHARSET=utf8mb4 COLLATE=utf8mb4_unicode_ci;

--
-- Dumping data for table `migrations`
--

INSERT INTO `migrations` (`id`, `migration`, `batch`) VALUES
(1, '2014_10_12_000000_create_users_table', 1),
(2, '2014_10_12_100000_create_password_resets_table', 1),
(3, '2018_02_19_054525_create_products_table', 1),
(4, '2018_02_19_054603_create_reviews_table', 1);

-- --------------------------------------------------------

--
-- Table structure for table `password_resets`
--

CREATE TABLE `password_resets` (
  `email` varchar(255) COLLATE utf8mb4_unicode_ci NOT NULL,
  `token` varchar(255) COLLATE utf8mb4_unicode_ci NOT NULL,
  `created_at` timestamp NULL DEFAULT NULL
) ENGINE=InnoDB DEFAULT CHARSET=utf8mb4 COLLATE=utf8mb4_unicode_ci;

-- --------------------------------------------------------

--
-- Table structure for table `products`
--

CREATE TABLE `products` (
  `id` int(10) UNSIGNED NOT NULL,
  `name` varchar(255) COLLATE utf8mb4_unicode_ci NOT NULL,
  `detail` text COLLATE utf8mb4_unicode_ci NOT NULL,
  `price` varchar(255) COLLATE utf8mb4_unicode_ci NOT NULL,
  `stock` varchar(255) COLLATE utf8mb4_unicode_ci NOT NULL,
  `discount` varchar(255) COLLATE utf8mb4_unicode_ci NOT NULL,
  `created_at` timestamp NULL DEFAULT NULL,
  `updated_at` timestamp NULL DEFAULT NULL
) ENGINE=InnoDB DEFAULT CHARSET=utf8mb4 COLLATE=utf8mb4_unicode_ci;

--
-- Dumping data for table `products`
--

INSERT INTO `products` (`id`, `name`, `detail`, `price`, `stock`, `discount`, `created_at`, `updated_at`) VALUES
(1, 'voluptatibus', 'Dolores nulla dicta distinctio sint veritatis et. Odit temporibus ea est aut. Enim nam porro quia incidunt qui. Molestias et quidem quia.', '813', '8', '3', '2018-02-19 02:59:43', '2018-02-19 02:59:43'),
(2, 'consectetur', 'Corporis occaecati minima nobis corrupti. Id ea harum eligendi voluptas. Et est non perferendis praesentium consequatur.', '918', '4', '17', '2018-02-19 02:59:43', '2018-02-19 02:59:43'),
(3, 'ratione', 'Dolorem perspiciatis quisquam sed sit. Est eligendi et dignissimos consequatur. Totam at laboriosam beatae et molestias. Illo vitae est laudantium et neque.', '109', '7', '24', '2018-02-19 02:59:43', '2018-02-19 02:59:43'),
(4, 'culpa', 'Sed qui id sapiente amet eveniet quo autem. Aut hic ea ex magni dolores natus. Quia beatae perspiciatis laborum officiis incidunt libero ipsum optio.', '563', '9', '27', '2018-02-19 02:59:43', '2018-02-19 02:59:43'),
(5, 'ut', 'Ut aperiam distinctio atque blanditiis fuga laboriosam. Reprehenderit laborum quidem quae et. Dicta nobis doloribus voluptas ad omnis omnis. Sit eligendi et eius ea vero quia.', '421', '3', '29', '2018-02-19 02:59:44', '2018-02-19 02:59:44'),
(6, 'quia', 'Cum sint et ullam qui perferendis. Exercitationem harum non qui ut sit eveniet sint ut. Velit eos odit quae porro facilis.', '406', '2', '6', '2018-02-19 02:59:44', '2018-02-19 02:59:44'),
(7, 'nihil', 'Quibusdam est ea et pariatur hic aut qui. Tempore fugiat voluptatem eos eum. Laudantium excepturi excepturi distinctio eos explicabo in qui. Necessitatibus possimus assumenda unde ut debitis.', '519', '7', '7', '2018-02-19 02:59:44', '2018-02-19 02:59:44'),
(8, 'similique', 'Neque cupiditate molestias tempore dolorem quia aut. Dolore in iusto illum sequi necessitatibus quo consequatur. Quos debitis quisquam saepe repellendus nostrum qui et est.', '814', '4', '7', '2018-02-19 02:59:44', '2018-02-19 02:59:44'),
(9, 'enim', 'Veritatis ipsam non enim harum. Maxime dolor quia alias eos in ratione. Sit libero ipsa eaque voluptate eligendi.', '646', '9', '18', '2018-02-19 02:59:44', '2018-02-19 02:59:44'),
(10, 'pariatur', 'Culpa aut ab rerum qui hic voluptas. Quam reiciendis iusto in sed rerum sit. Eum quia in natus vero. Non sed cupiditate provident modi perferendis culpa quo.', '256', '1', '28', '2018-02-19 02:59:44', '2018-02-19 02:59:44'),
(11, 'tempora', 'Expedita quod deleniti eligendi ipsam ut delectus laboriosam corrupti. Aliquam unde qui expedita quia quae ad minus. Quo quibusdam et ut inventore.', '644', '9', '29', '2018-02-19 02:59:44', '2018-02-19 02:59:44'),
(12, 'consequatur', 'Eligendi vitae rerum vitae quae et. Facilis dolorem et soluta rerum vero. Voluptatem unde delectus maxime qui reiciendis voluptatem libero. Ut pariatur et sed impedit quos consequuntur velit corporis.', '521', '3', '24', '2018-02-19 02:59:44', '2018-02-19 02:59:44'),
(13, 'id', 'Et tenetur ut voluptas maxime pariatur placeat. Atque aut et provident assumenda ut molestiae. Quidem aut ut sint qui dolor est ipsa. Nobis praesentium dolorem aut labore quos temporibus velit nam.', '611', '1', '23', '2018-02-19 02:59:44', '2018-02-19 02:59:44'),
(14, 'a', 'Sequi praesentium qui consequatur necessitatibus a distinctio eveniet. Unde rem aut quo ea. Magni quas itaque nemo.', '815', '6', '24', '2018-02-19 02:59:44', '2018-02-19 02:59:44'),
(15, 'eos', 'Ut placeat veniam occaecati quia accusamus. Voluptatibus aliquid beatae dicta. Fugiat ut doloremque quia ut quod nobis. Eos adipisci autem suscipit totam consequatur nemo enim.', '904', '8', '14', '2018-02-19 02:59:44', '2018-02-19 02:59:44'),
(16, 'animi', 'Non dolores est dolores laboriosam hic cumque. Dicta eaque voluptate necessitatibus reiciendis cum rerum corporis. Accusamus voluptate ullam porro ea et.', '859', '1', '12', '2018-02-19 02:59:44', '2018-02-19 02:59:44'),
(17, 'cum', 'Unde nisi maiores sit numquam dicta ut. Veniam aut quia aut voluptas eos a. Natus architecto fuga id architecto sit. Voluptatum quia qui non omnis.', '682', '8', '28', '2018-02-19 02:59:44', '2018-02-19 02:59:44'),
(18, 'natus', 'Ex quam enim dolorem quo ut. Quia veniam eaque temporibus sit ipsum ex. Nihil neque est veritatis dicta impedit at. Reiciendis aliquam vitae nihil adipisci facilis repellat magni.', '510', '5', '12', '2018-02-19 02:59:44', '2018-02-19 02:59:44'),
(19, 'exercitationem', 'Omnis recusandae ipsum quia et omnis neque voluptates. Laboriosam quae dolorum fugit aut autem deleniti totam. Quis voluptatem aliquam ut non. Autem accusamus fugiat sit quidem omnis.', '362', '4', '15', '2018-02-19 02:59:44', '2018-02-19 02:59:44'),
(20, 'vero', 'Vitae cupiditate aut deserunt. Velit facere fugit sed fugit accusamus fuga suscipit. Eos velit perferendis non tenetur distinctio.', '766', '7', '14', '2018-02-19 02:59:44', '2018-02-19 02:59:44'),
(21, 'a', 'Qui consequatur recusandae officiis qui. Placeat voluptates eligendi corrupti reiciendis sapiente aliquid perspiciatis. Velit commodi accusamus in pariatur soluta incidunt. Beatae non quia dignissimos rerum quaerat sit perspiciatis.', '687', '9', '11', '2018-02-19 02:59:44', '2018-02-19 02:59:44'),
(22, 'molestiae', 'Voluptatum exercitationem voluptatem officia nisi et. Eveniet corporis doloribus voluptatem reprehenderit eos dolor suscipit. Perspiciatis fuga dolores facere ut sit. Minima quia nulla et maiores. Qui ut repudiandae sed dignissimos.', '126', '1', '15', '2018-02-19 02:59:44', '2018-02-19 02:59:44'),
(23, 'ut', 'Alias earum perspiciatis quibusdam neque. Consequatur aut omnis minus ipsam quas. Officiis eum dolores molestias corporis odio non quidem. Consectetur vero nam et autem sunt facilis.', '707', '7', '7', '2018-02-19 02:59:44', '2018-02-19 02:59:44'),
(24, 'perspiciatis', 'Molestiae nemo sed aut explicabo suscipit impedit commodi. Molestiae consequatur est alias. Eligendi omnis neque qui voluptas.', '233', '2', '20', '2018-02-19 02:59:44', '2018-02-19 02:59:44'),
(25, 'inventore', 'Facere qui impedit dicta illum ut est et deserunt. Nam et qui perspiciatis molestiae vitae magni voluptatum. Nemo amet accusantium aperiam ratione dicta.', '223', '8', '23', '2018-02-19 02:59:45', '2018-02-19 02:59:45'),
(26, 'modi', 'Qui ratione enim qui et. Qui tempore quia doloribus provident fugit. Consectetur minus ratione maxime et corporis. Neque totam excepturi in qui.', '226', '4', '19', '2018-02-19 02:59:45', '2018-02-19 02:59:45'),
(27, 'nesciunt', 'Natus ut dignissimos in ad laboriosam itaque dolorum. Et praesentium quia asperiores ea minus itaque. Aut qui aut natus est saepe.', '449', '2', '13', '2018-02-19 02:59:45', '2018-02-19 02:59:45'),
(28, 'eos', 'Possimus nam omnis quaerat debitis. Exercitationem id libero sunt maiores facilis enim enim. Inventore provident vel voluptatem distinctio tempore inventore quas. Expedita laudantium modi soluta laudantium rerum ea omnis.', '797', '9', '4', '2018-02-19 02:59:45', '2018-02-19 02:59:45'),
(29, 'voluptas', 'Saepe eos et eius aliquid deserunt ipsa. Est occaecati sed quos omnis velit non rerum. Necessitatibus rerum quos ut sint voluptas odit. Odit consequatur inventore maiores.', '599', '2', '19', '2018-02-19 02:59:45', '2018-02-19 02:59:45'),
(30, 'facere', 'Omnis et qui minima reiciendis. Dolorum ipsam rem non error quia quos. In et labore animi sed dicta reprehenderit.', '357', '5', '5', '2018-02-19 02:59:45', '2018-02-19 02:59:45'),
(31, 'facere', 'Sed magnam est omnis at debitis. Qui ut consequatur nulla fugit. Error modi facere eligendi. Et amet et quia consequatur ut nesciunt.', '286', '2', '9', '2018-02-19 02:59:45', '2018-02-19 02:59:45'),
(32, 'culpa', 'Officiis sed labore nobis unde dignissimos enim id. Ut cum cumque qui expedita quo dolor nisi explicabo. Et ut optio vel fugit non velit. Expedita cumque consectetur molestias maxime est dignissimos soluta. Quibusdam neque et veritatis perferendis.', '885', '1', '23', '2018-02-19 02:59:45', '2018-02-19 02:59:45'),
(33, 'ipsa', 'Recusandae excepturi sint rerum sapiente enim officia. Impedit velit delectus molestiae assumenda molestiae qui. Possimus inventore eius et aut recusandae sed expedita ratione. Sint libero qui deserunt eum.', '314', '0', '27', '2018-02-19 02:59:45', '2018-02-19 02:59:45'),
(34, 'sapiente', 'Eligendi tenetur perspiciatis consequatur aut et est ipsa. Qui sed accusantium ex aperiam non quae.', '728', '0', '13', '2018-02-19 02:59:45', '2018-02-19 02:59:45'),
(35, 'aut', 'Error consequatur qui illum est quia. Nihil reprehenderit at et qui vero voluptatibus repellendus. Aliquam neque aut et repellendus. Animi et eaque numquam commodi veniam. Et impedit aut rerum quae molestiae temporibus odio.', '722', '4', '28', '2018-02-19 02:59:45', '2018-02-19 02:59:45'),
(36, 'consequuntur', 'Illum ad voluptas nulla repellendus nam sed et ea. Provident voluptas ut molestiae suscipit vero quae officia molestias. Aut ad facilis ut cumque.', '807', '8', '6', '2018-02-19 02:59:45', '2018-02-19 02:59:45'),
(37, 'officiis', 'Sed consequatur illo consectetur. Saepe voluptates nihil et ullam nihil excepturi distinctio. Et quo sunt praesentium.', '494', '6', '21', '2018-02-19 02:59:45', '2018-02-19 02:59:45'),
(38, 'ut', 'Ipsa nemo repellat veritatis voluptas amet amet earum ratione. Mollitia neque sit dolorem vel veritatis sed quod quas. Quaerat necessitatibus accusamus quia est dolorem dolor soluta. Et aut quam et mollitia vero maiores.', '663', '9', '28', '2018-02-19 02:59:45', '2018-02-19 02:59:45'),
(39, 'dolorum', 'Pariatur iusto aut voluptates aspernatur harum dolor. Laudantium aliquid quia assumenda distinctio illum quia.', '500', '5', '3', '2018-02-19 02:59:45', '2018-02-19 02:59:45'),
(40, 'eveniet', 'Minus voluptas temporibus nihil magni earum similique corrupti. Rerum minima quam odit sint voluptatem voluptatum. Impedit laborum sunt aliquam suscipit.', '444', '8', '21', '2018-02-19 02:59:45', '2018-02-19 02:59:45'),
(41, 'non', 'Iste cumque sint omnis reprehenderit exercitationem. Molestiae repellendus quidem quia quam vero ut eius. Nihil eum aut eos recusandae dolores vel quibusdam.', '957', '6', '4', '2018-02-19 02:59:45', '2018-02-19 02:59:45'),
(42, 'a', 'Totam vitae itaque mollitia iusto ut. Deserunt quis mollitia exercitationem quos vitae qui. Minus explicabo itaque atque corrupti consequatur.', '789', '1', '3', '2018-02-19 02:59:45', '2018-02-19 02:59:45'),
(43, 'quasi', 'Unde ipsa eos eveniet quae ipsa dolor iusto. Incidunt commodi delectus necessitatibus autem et ut iusto. Molestias fugiat porro odio odio quia et minus maiores. Eveniet provident incidunt ipsa suscipit voluptate nam.', '440', '3', '24', '2018-02-19 02:59:45', '2018-02-19 02:59:45'),
(44, 'ab', 'Fuga dicta explicabo culpa illo ut non ipsa. Itaque id adipisci consectetur reprehenderit aut eaque eveniet. Quia et et nihil ut harum amet esse. Enim culpa repellat aut voluptatem unde illum dolorem.', '682', '6', '23', '2018-02-19 02:59:45', '2018-02-19 02:59:45'),
(45, 'esse', 'Velit quibusdam non earum est mollitia. Non ut sequi sint ullam molestiae vel. Voluptatum ducimus sit ratione vitae neque numquam animi. Voluptas ipsa libero doloribus ducimus ducimus rerum.', '538', '2', '25', '2018-02-19 02:59:45', '2018-02-19 02:59:45'),
(46, 'est', 'Laboriosam sit aliquid id qui placeat occaecati doloribus. Temporibus rerum blanditiis eius velit.', '344', '6', '24', '2018-02-19 02:59:45', '2018-02-19 02:59:45'),
(47, 'aperiam', 'Blanditiis rerum dolor a eveniet sequi unde. Alias dicta perferendis et dolor iste. Eius illum distinctio quidem in.', '281', '2', '14', '2018-02-19 02:59:45', '2018-02-19 02:59:45'),
(48, 'rerum', 'Ex est est architecto non pariatur vel laudantium inventore. Assumenda est quae aut quaerat. Consectetur et autem in aut odio unde occaecati. Enim dolorem molestiae et sint est in. Ducimus consequatur cumque atque sed consequuntur ullam odit.', '418', '5', '8', '2018-02-19 02:59:45', '2018-02-19 02:59:45'),
(49, 'odio', 'Optio sunt animi rerum. Tempora quos est ex ducimus.', '512', '3', '13', '2018-02-19 02:59:46', '2018-02-19 02:59:46'),
(50, 'cupiditate', 'Ut eius ex sed amet. Qui autem recusandae veniam nulla maxime quidem. Nam nulla aliquam tempora. Enim aut omnis ut aut reprehenderit.', '779', '4', '12', '2018-02-19 02:59:46', '2018-02-19 02:59:46'),
(51, 'facere', 'Esse sit vero amet tempora. Dolores nobis quidem molestiae velit voluptate. Numquam aliquid voluptate distinctio.', '198', '9', '23', '2018-02-19 03:57:20', '2018-02-19 03:57:20'),
(52, 'nemo', 'Nam accusantium dolor nobis commodi est temporibus iste. Accusantium est adipisci assumenda in nihil. In ipsa iusto perspiciatis vel neque accusamus. Magni aliquam nihil quae sed esse omnis voluptatum.', '888', '4', '26', '2018-02-19 03:57:20', '2018-02-19 03:57:20'),
(53, 'vel', 'Deleniti ut impedit et qui. Quo corrupti culpa iure dolor qui. Sit qui nemo consectetur deserunt tempora ea et ullam.', '707', '2', '2', '2018-02-19 03:57:20', '2018-02-19 03:57:20'),
(54, 'aut', 'Nulla illo quaerat incidunt sit. Et molestiae est perspiciatis iure sed suscipit. Iure et similique officiis minima omnis aut architecto.', '571', '9', '26', '2018-02-19 03:57:20', '2018-02-19 03:57:20'),
(55, 'earum', 'Beatae aliquid laborum culpa. Quibusdam porro non magni pariatur sed aliquam repudiandae.', '553', '0', '28', '2018-02-19 03:57:20', '2018-02-19 03:57:20'),
(56, 'similique', 'Earum qui ipsum corrupti qui neque quia. Repellendus a voluptatem laboriosam veniam. Recusandae ut velit qui exercitationem consequuntur hic.', '472', '7', '3', '2018-02-19 03:57:20', '2018-02-19 03:57:20'),
(57, 'est', 'Laudantium nam vero vero perspiciatis recusandae exercitationem quod velit. Et repellendus et nemo. Dolorem sequi enim error explicabo voluptatem corporis eos.', '212', '4', '17', '2018-02-19 03:57:20', '2018-02-19 03:57:20'),
(58, 'aut', 'Nobis voluptatem aut et occaecati cupiditate aut. Incidunt facilis excepturi molestiae et tempora nulla optio. Maxime odio aut odit aut animi eos nostrum autem. Iste dicta officia deserunt et omnis.', '106', '5', '7', '2018-02-19 03:57:20', '2018-02-19 03:57:20'),
(59, 'architecto', 'Eum tempore nihil aliquid in quos voluptatem. Officiis possimus est asperiores porro delectus excepturi aliquid. Ipsam et at dolores soluta quasi sit.', '390', '3', '30', '2018-02-19 03:57:20', '2018-02-19 03:57:20'),
(60, 'mollitia', 'Numquam eaque ut saepe quia pariatur ipsum recusandae. Ea porro omnis aut illum molestias. Odio blanditiis eos quia ut.', '254', '9', '6', '2018-02-19 03:57:20', '2018-02-19 03:57:20'),
(61, 'quibusdam', 'Iusto magni doloribus quisquam ut qui est illo. Fugit optio quia voluptatem labore vel dolores blanditiis. Est incidunt est nemo dolor nihil. At enim aliquam et quo corrupti assumenda.', '819', '7', '18', '2018-02-19 03:57:20', '2018-02-19 03:57:20'),
(62, 'possimus', 'Deserunt temporibus eos et cupiditate voluptatem nihil voluptas dolorum. Ad facere ab nesciunt consequatur qui veniam magni veniam. Facere voluptates omnis et veritatis est vitae velit nam. Omnis sed porro perspiciatis perferendis eligendi ut voluptate. Ipsum eius aut sit repellendus sapiente perferendis.', '179', '9', '23', '2018-02-19 03:57:20', '2018-02-19 03:57:20'),
(63, 'nobis', 'Iusto odit odit voluptas nihil ipsa. Eveniet tenetur beatae temporibus maxime tenetur sint. Officiis eos incidunt recusandae quidem doloremque. Illum quia possimus fugit et perferendis doloremque cum.', '707', '1', '14', '2018-02-19 03:57:20', '2018-02-19 03:57:20'),
(64, 'id', 'Pariatur ullam praesentium impedit velit sed et et. Et occaecati cupiditate nam. Laborum exercitationem porro molestiae sed sequi id iste. Ea veritatis expedita quasi quasi cupiditate iste.', '719', '7', '9', '2018-02-19 03:57:21', '2018-02-19 03:57:21'),
(65, 'autem', 'Nihil quibusdam consequatur et sequi corporis voluptas. Labore est est ex suscipit totam. Est neque et ut dolores.', '340', '6', '11', '2018-02-19 03:57:21', '2018-02-19 03:57:21'),
(66, 'placeat', 'Qui numquam et fuga. Qui tenetur molestiae vel amet. Nulla dolores veritatis et ipsam nam. Quibusdam est sit omnis ipsam ea a.', '137', '2', '15', '2018-02-19 03:57:21', '2018-02-19 03:57:21'),
(67, 'iure', 'Non occaecati dolor fugit exercitationem. Veniam est expedita laboriosam. Possimus inventore asperiores nemo tempore. Est expedita consequuntur delectus. Et neque ut quia earum.', '623', '5', '8', '2018-02-19 03:57:21', '2018-02-19 03:57:21'),
(68, 'eos', 'Magni nihil officiis voluptatem voluptatem unde praesentium nemo. Voluptatem minus facilis nesciunt et sapiente dicta illo. Placeat delectus saepe quasi nisi. Et ea repudiandae at quod et quo illum eos.', '974', '1', '3', '2018-02-19 03:57:21', '2018-02-19 03:57:21'),
(69, 'fuga', 'Distinctio magnam eaque rem autem molestias explicabo. Fuga sit quis ullam.', '550', '6', '25', '2018-02-19 03:57:21', '2018-02-19 03:57:21'),
(70, 'assumenda', 'Temporibus molestiae debitis est eum magni necessitatibus. Quas accusamus aut quo expedita et asperiores et. Modi aliquid ea quibusdam repellendus et. Facilis laboriosam facilis vel eum vitae.', '968', '0', '16', '2018-02-19 03:57:21', '2018-02-19 03:57:21'),
(71, 'nulla', 'Totam enim eos tenetur est. Nostrum aliquam repellat voluptatem error illo quia impedit. Est et non magnam voluptatem et. Qui veniam ut voluptatibus numquam ex autem nobis.', '172', '3', '11', '2018-02-19 03:57:21', '2018-02-19 03:57:21'),
(72, 'vero', 'Dolor soluta in autem rem quia et dolorem. Eos est nisi velit at explicabo voluptatem sit. Cum sed sapiente dolor voluptas esse nobis repudiandae. Omnis nihil laborum debitis molestias aut sit sapiente.', '400', '6', '23', '2018-02-19 03:57:21', '2018-02-19 03:57:21'),
(73, 'saepe', 'Magni quas sed cum ut. Animi at enim quia incidunt laborum. Sunt id consequatur necessitatibus ut recusandae quo.', '725', '9', '7', '2018-02-19 03:57:21', '2018-02-19 03:57:21'),
(74, 'rem', 'Maxime rerum autem quas explicabo. Atque quod neque distinctio cupiditate aut qui perspiciatis. Quo aut debitis earum similique aut recusandae temporibus magni. Nemo ducimus tenetur alias aut.', '981', '2', '22', '2018-02-19 03:57:21', '2018-02-19 03:57:21'),
(75, 'qui', 'Dolores molestiae quae voluptatem veritatis aspernatur nam. Repellat iusto ex sint sint a. Sunt molestias molestiae et asperiores perferendis. Nobis nostrum dolor ex consequatur tenetur ratione.', '166', '1', '9', '2018-02-19 03:57:21', '2018-02-19 03:57:21'),
(76, 'voluptatem', 'Quidem enim eveniet sint et. Voluptatum enim nulla vel est. Autem et consequuntur dolorum porro nisi ullam ut. Ut nam vero iste tempore et nihil.', '509', '4', '10', '2018-02-19 03:57:21', '2018-02-19 03:57:21'),
(77, 'enim', 'Porro labore consectetur ut dicta. Et tempora cumque itaque. Inventore suscipit soluta molestiae blanditiis.', '988', '8', '27', '2018-02-19 03:57:21', '2018-02-19 03:57:21'),
(78, 'et', 'Odit asperiores voluptate laboriosam illum omnis iste. Sunt eum reiciendis laborum itaque dolorum delectus unde. Magnam consequuntur in veritatis deleniti et quisquam. Minima molestias cupiditate non. Minus qui sint dolor unde impedit ipsam.', '898', '0', '27', '2018-02-19 03:57:21', '2018-02-19 03:57:21'),
(79, 'est', 'Assumenda voluptatem doloremque quia dolore est ut id. Ut dolorum occaecati beatae expedita facere ad inventore. Impedit dolor consequuntur nihil ipsam mollitia labore rem. Voluptatem consequatur sunt molestiae tempora sint sequi.', '786', '6', '10', '2018-02-19 03:57:21', '2018-02-19 03:57:21'),
(80, 'sed', 'Qui eos ut commodi eveniet. Quas voluptas aliquam tenetur omnis natus corrupti. Ut illum quod sit qui id atque occaecati. Consectetur ex libero illo doloremque vel.', '306', '8', '28', '2018-02-19 03:57:21', '2018-02-19 03:57:21'),
(81, 'nobis', 'Iusto consequatur enim sequi cum voluptatem eum soluta. Reprehenderit nostrum suscipit officiis velit.', '844', '4', '15', '2018-02-19 03:57:21', '2018-02-19 03:57:21'),
(82, 'ex', 'Rerum qui quaerat sit consectetur amet nisi. Unde expedita sunt sunt officia dolore. Voluptatem delectus expedita ut atque laudantium. Odio consequuntur repudiandae id quidem laudantium sed non mollitia.', '112', '6', '4', '2018-02-19 03:57:21', '2018-02-19 03:57:21'),
(83, 'nulla', 'Omnis illum et tempora repellat a accusamus quis. Alias ullam nostrum repudiandae sequi ipsa doloribus aliquid. Sint quia similique molestiae enim ullam optio et.', '943', '2', '30', '2018-02-19 03:57:21', '2018-02-19 03:57:21'),
(84, 'vel', 'Quos voluptas modi est in non temporibus et. Ducimus tenetur eaque sit. Est et quia quis perferendis ut quam.', '472', '9', '17', '2018-02-19 03:57:21', '2018-02-19 03:57:21'),
(85, 'exercitationem', 'Natus beatae tempore voluptate ut esse explicabo vel. Nobis fugit corrupti ut dolorum earum animi distinctio. Pariatur aut beatae rerum quas quos.', '875', '2', '20', '2018-02-19 03:57:22', '2018-02-19 03:57:22'),
(86, 'dolorum', 'Eius laboriosam magni beatae fuga. Architecto nihil aperiam voluptatem. Commodi incidunt delectus aut deleniti occaecati error ea.', '925', '8', '9', '2018-02-19 03:57:22', '2018-02-19 03:57:22'),
(87, 'excepturi', 'Ullam et iusto sit veritatis sint ratione eius. Et dicta molestiae debitis in deleniti facilis at. Assumenda et ab accusamus fugit eius.', '698', '8', '5', '2018-02-19 03:57:22', '2018-02-19 03:57:22'),
(88, 'quia', 'Totam est repellendus quidem incidunt explicabo. Est dolorem quam deleniti autem odit. Omnis cumque debitis ducimus incidunt at qui. Hic nostrum et tempore tempore dolore fugiat.', '416', '7', '26', '2018-02-19 03:57:22', '2018-02-19 03:57:22'),
(89, 'modi', 'Et eos sunt hic expedita accusamus qui dolores. Nisi natus quod excepturi labore placeat numquam autem. Quidem consequatur ut vitae ipsam laudantium sit. Perspiciatis voluptas quo qui. Vel iste aut unde atque.', '677', '2', '10', '2018-02-19 03:57:22', '2018-02-19 03:57:22'),
(90, 'minus', 'Vel omnis laborum est quo repudiandae expedita saepe. Quos et sed nihil deleniti aut. In non praesentium pariatur quis consequatur.', '930', '5', '23', '2018-02-19 03:57:22', '2018-02-19 03:57:22'),
(91, 'odio', 'Laborum error unde excepturi beatae. Voluptas beatae voluptatem est et eos eos. Culpa nihil tenetur ea. Quidem ut consequatur rem voluptatibus est praesentium. Unde error ratione quas ipsum et sed labore.', '713', '3', '19', '2018-02-19 03:57:22', '2018-02-19 03:57:22'),
(92, 'sunt', 'Eveniet qui aut facere ex maiores quo aliquid. Qui velit perferendis aut tenetur velit veniam quia. Alias ipsam deleniti deleniti voluptatem.', '306', '0', '17', '2018-02-19 03:57:22', '2018-02-19 03:57:22'),
(93, 'omnis', 'Sed explicabo earum rem. Unde ratione reprehenderit quaerat vel deserunt occaecati. Eum nihil rerum velit sit ut. Hic doloribus consequatur corrupti.', '402', '0', '26', '2018-02-19 03:57:22', '2018-02-19 03:57:22'),
(94, 'quia', 'Soluta officia magni ipsam in asperiores quia. Voluptatibus illo enim reiciendis doloribus qui. Quia consequuntur ullam quod soluta. Quae et mollitia sed optio est. Ut eos assumenda non ut ut fugiat.', '613', '7', '5', '2018-02-19 03:57:22', '2018-02-19 03:57:22'),
(95, 'cupiditate', 'Quasi culpa accusantium veritatis ut. Quia enim consequatur sit repudiandae aut est nostrum. Mollitia aut voluptas mollitia harum. Natus optio perferendis neque nesciunt quaerat quasi. Occaecati et sint quae eius labore et deleniti.', '246', '8', '9', '2018-02-19 03:57:22', '2018-02-19 03:57:22'),
(96, 'enim', 'Iusto et saepe deleniti et. Explicabo aperiam tempore doloribus porro sed deserunt. Libero eligendi quis fuga assumenda earum. Est repellat est iure consequatur eos ab eos deserunt.', '836', '6', '23', '2018-02-19 03:57:22', '2018-02-19 03:57:22'),
(97, 'aut', 'Aperiam nisi quia et laborum et temporibus excepturi. Aut ut repellendus consectetur cupiditate et. Aut consectetur et aut vero atque doloribus.', '353', '1', '19', '2018-02-19 03:57:22', '2018-02-19 03:57:22'),
(98, 'rerum', 'Rerum molestiae in sit aut quae voluptatibus. Odio praesentium omnis et nihil quos ut pariatur. Modi sit voluptate itaque qui doloremque qui.', '154', '2', '14', '2018-02-19 03:57:22', '2018-02-19 03:57:22'),
(99, 'tempora', 'Assumenda vel et quisquam ratione rem architecto aut ut. Sit consectetur aut doloremque quis sunt. Officiis est et eum natus. Quidem asperiores voluptatem illo vero ipsum.', '767', '3', '27', '2018-02-19 03:57:22', '2018-02-19 03:57:22'),
(100, 'aspernatur', 'Quia voluptatem illum quisquam et dolores autem et. Distinctio quis qui est distinctio. Eum consequatur quaerat consequatur rem doloribus.', '890', '8', '12', '2018-02-19 03:57:22', '2018-02-19 03:57:22'),
(101, 'eligendi', 'Esse numquam aut dolor placeat ullam. Rerum quisquam asperiores aspernatur blanditiis aut qui. Ut hic quisquam nostrum. Vitae autem nam rerum sit deserunt.', '575', '5', '2', '2018-02-19 03:58:00', '2018-02-19 03:58:00'),
(102, 'qui', 'A et quos quae praesentium. Aut ut reprehenderit minima ratione.', '444', '7', '6', '2018-02-19 03:58:00', '2018-02-19 03:58:00'),
(103, 'non', 'Aliquid non facere reiciendis. Nihil voluptate eius et. Quaerat eum perspiciatis a non asperiores et qui. Maxime quae neque reprehenderit id nisi.', '534', '5', '11', '2018-02-19 03:58:00', '2018-02-19 03:58:00'),
(104, 'est', 'Odit explicabo officiis laboriosam provident qui sapiente minima. Minima sequi quas et porro sequi harum. Dolores aut ratione rem id.', '841', '0', '5', '2018-02-19 03:58:00', '2018-02-19 03:58:00'),
(105, 'cumque', 'Autem sed ratione voluptatibus velit eius. Sunt consequuntur itaque incidunt ea. Expedita qui nisi repudiandae officia delectus.', '289', '8', '28', '2018-02-19 03:58:00', '2018-02-19 03:58:00'),
(106, 'provident', 'Soluta est enim deserunt totam rem nisi. Animi odio maiores modi incidunt alias suscipit. Sit occaecati numquam eaque quod. Fugiat ipsam dignissimos aut quas corrupti assumenda vitae ducimus. Cumque reprehenderit nihil laboriosam.', '870', '1', '20', '2018-02-19 03:58:00', '2018-02-19 03:58:00'),
(107, 'rerum', 'Aliquam voluptas rerum adipisci. Ut nobis velit alias.', '681', '4', '23', '2018-02-19 03:58:00', '2018-02-19 03:58:00'),
(108, 'quis', 'Commodi repellendus odio optio recusandae. Tempora natus iusto illo qui. Doloribus sunt non et voluptates autem.', '276', '1', '13', '2018-02-19 03:58:00', '2018-02-19 03:58:00'),
(109, 'sed', 'Facilis sed ut atque laborum suscipit. Non suscipit fuga qui qui maxime nihil in. Velit animi aliquid laboriosam nulla accusantium quod.', '344', '4', '25', '2018-02-19 03:58:01', '2018-02-19 03:58:01'),
(110, 'reiciendis', 'Atque provident corrupti pariatur omnis atque. Officia nostrum occaecati dolor et voluptatum mollitia. Sint soluta aspernatur delectus. Voluptas quis odit quod consequatur. Amet quam unde et qui quo.', '230', '0', '11', '2018-02-19 03:58:01', '2018-02-19 03:58:01'),
(111, 'porro', 'Unde qui sequi beatae aut. Voluptatem quisquam quia voluptatibus dolorem et occaecati. Tenetur molestiae est voluptas voluptatem omnis consequatur porro. Et et nesciunt voluptatem illo laudantium.', '857', '9', '11', '2018-02-19 03:58:01', '2018-02-19 03:58:01'),
(112, 'fugiat', 'Commodi omnis assumenda laboriosam eveniet fugiat modi. Harum enim quibusdam quod illum. Omnis tenetur illum non dolores velit suscipit.', '373', '5', '26', '2018-02-19 03:58:01', '2018-02-19 03:58:01'),
(113, 'illo', 'Est ut quis quas tenetur. Dicta tenetur vero fuga itaque eaque laudantium. Et necessitatibus odit eos animi.', '513', '9', '29', '2018-02-19 03:58:01', '2018-02-19 03:58:01'),
(114, 'et', 'Sapiente doloremque porro vero sint quae. Sint sit aspernatur praesentium. Et unde id quas. Sequi quod voluptas fugit dolores praesentium et ipsam.', '473', '0', '21', '2018-02-19 03:58:01', '2018-02-19 03:58:01'),
(115, 'temporibus', 'Dolorem perspiciatis blanditiis dolor delectus blanditiis voluptatibus sed. Consequatur fugiat aut iusto mollitia voluptatem omnis est.', '788', '7', '9', '2018-02-19 03:58:01', '2018-02-19 03:58:01'),
(116, 'dolor', 'Et iusto magnam iure voluptas consequatur. Eum et molestias atque dolorum. At omnis est optio dolorem hic. Aut laudantium molestias vel dicta rerum numquam voluptatem.', '155', '1', '5', '2018-02-19 03:58:01', '2018-02-19 03:58:01'),
(117, 'sit', 'Provident quo vel labore id ut. Aut quaerat id dolores placeat quae facere. Ad asperiores ut nobis dolores asperiores.', '507', '7', '12', '2018-02-19 03:58:01', '2018-02-19 03:58:01'),
(118, 'ut', 'Perferendis aspernatur quidem aut dicta. Optio illo amet praesentium qui vel quia qui. Aut ab recusandae sunt optio error veniam. Nam dolorem non error at qui iure vero.', '209', '7', '6', '2018-02-19 03:58:01', '2018-02-19 03:58:01'),
(119, 'laborum', 'Et eum possimus debitis vitae dolore. Velit ut sit eos neque aliquid ab. Eum eum voluptas ad cum sint rerum. Consequatur nulla odio vitae in sit reiciendis unde.', '997', '0', '13', '2018-02-19 03:58:01', '2018-02-19 03:58:01'),
(120, 'expedita', 'Illo quidem hic porro eos. Impedit officiis quisquam qui architecto voluptates. Tenetur illo dignissimos laboriosam sint saepe in ut. Voluptas sit ut consequuntur libero.', '361', '9', '27', '2018-02-19 03:58:01', '2018-02-19 03:58:01'),
(121, 'laudantium', 'Vel ab sequi modi velit qui velit aut. Qui nihil voluptatem cumque sunt ratione. Praesentium unde aspernatur necessitatibus.', '239', '2', '17', '2018-02-19 03:58:01', '2018-02-19 03:58:01'),
(122, 'magnam', 'Possimus dolore voluptas quia praesentium occaecati accusamus maxime. Et et adipisci eaque sapiente. Dolores aut labore quidem. Et numquam maiores qui voluptatum nulla officiis id.', '771', '8', '14', '2018-02-19 03:58:01', '2018-02-19 03:58:01'),
(123, 'maiores', 'Minima ab dolor quaerat commodi. Odio est facilis architecto inventore magni asperiores. Natus soluta est ut quia. Sapiente accusamus est veniam sit quam.', '769', '2', '10', '2018-02-19 03:58:01', '2018-02-19 03:58:01'),
(124, 'labore', 'Numquam eveniet expedita quis minima repudiandae. Dicta qui occaecati dolore est. Numquam error autem consequatur. Facere asperiores dolores voluptate.', '935', '5', '20', '2018-02-19 03:58:01', '2018-02-19 03:58:01'),
(125, 'sed', 'Vero reprehenderit repellendus numquam facere. Suscipit quia libero sed quasi aspernatur perferendis. Et dolorem adipisci quia ex et. Voluptas autem nam eveniet unde incidunt voluptas.', '780', '5', '27', '2018-02-19 03:58:01', '2018-02-19 03:58:01'),
(126, 'iusto', 'Cumque est velit temporibus ratione doloremque laboriosam. Fugit id doloremque commodi sit. Ut deleniti dolorum vero eos asperiores assumenda. Iure qui repellendus dolorum quos esse. Nulla molestias officiis ullam officiis harum fuga tempora doloremque.', '882', '0', '19', '2018-02-19 03:58:01', '2018-02-19 03:58:01'),
(127, 'vel', 'Ratione voluptatem explicabo ab eveniet quis fuga. Eaque accusantium incidunt labore porro. Nesciunt quibusdam omnis voluptate ad non doloremque quia. Quasi aliquam tempora et nam.', '672', '3', '20', '2018-02-19 03:58:01', '2018-02-19 03:58:01'),
(128, 'deleniti', 'Quam culpa quae quidem magnam. Qui ab libero illum et reprehenderit architecto dolorem. Ut exercitationem voluptas et voluptas quis quia. Facilis officia et dicta. Sunt aliquam voluptatem aut at.', '487', '7', '14', '2018-02-19 03:58:01', '2018-02-19 03:58:01'),
(129, 'optio', 'Rem maxime similique sint rerum cum. Aut aut ratione amet odio odio. Qui magni non commodi incidunt.', '997', '0', '6', '2018-02-19 03:58:02', '2018-02-19 03:58:02'),
(130, 'aut', 'Aut non mollitia saepe quis minima necessitatibus. Laboriosam blanditiis pariatur in error nemo dignissimos. Cupiditate voluptatem nisi a. Est est inventore et quia amet.', '358', '8', '19', '2018-02-19 03:58:02', '2018-02-19 03:58:02'),
(131, 'facere', 'Voluptatem unde repudiandae id omnis culpa. Aperiam odio quae a laudantium ullam ex. Qui labore est hic. Nulla saepe error mollitia dicta aliquid quia libero eum.', '539', '8', '11', '2018-02-19 03:58:02', '2018-02-19 03:58:02'),
(132, 'est', 'Excepturi aut dolore nihil illo consequatur ipsum. Dolores et quibusdam soluta excepturi ut nulla aliquid numquam. Quae tenetur sed sit aut harum necessitatibus. Sed dignissimos eligendi necessitatibus iusto omnis.', '528', '9', '30', '2018-02-19 03:58:02', '2018-02-19 03:58:02'),
(133, 'aut', 'Qui ducimus et qui est atque quae sed. Minima nisi explicabo illum explicabo consequuntur et velit corporis. Et expedita placeat accusamus aliquid.', '771', '5', '26', '2018-02-19 03:58:02', '2018-02-19 03:58:02'),
(134, 'est', 'Accusamus voluptatem rerum rerum aut maiores. Ipsa voluptatem rerum atque voluptate qui nemo aliquam. Reiciendis ratione rerum sed beatae culpa reiciendis.', '842', '5', '19', '2018-02-19 03:58:02', '2018-02-19 03:58:02'),
(135, 'saepe', 'Architecto sit cum dolore eveniet voluptatem a ut. Nihil odio explicabo in assumenda ipsam autem. Dolores maxime incidunt cupiditate saepe sit.', '362', '9', '8', '2018-02-19 03:58:02', '2018-02-19 03:58:02'),
(136, 'voluptas', 'Dolore voluptate suscipit quod nisi sit non minus. Deserunt aspernatur officiis enim nam dolorem velit nobis. Sed fugit esse debitis nisi nobis. Minus dignissimos minima qui laboriosam praesentium consectetur.', '948', '8', '17', '2018-02-19 03:58:02', '2018-02-19 03:58:02'),
(137, 'culpa', 'Dolorem officia nihil cum consequatur fugit. Suscipit velit occaecati praesentium provident totam ut et. Modi in aliquam voluptas inventore. Et non fugiat enim reprehenderit voluptate molestiae aut dignissimos.', '934', '7', '20', '2018-02-19 03:58:02', '2018-02-19 03:58:02'),
(138, 'velit', 'Culpa ipsum molestiae rem occaecati qui tenetur. Ut eum ducimus voluptas suscipit. Harum et dolore ut quos officiis nemo blanditiis.', '964', '5', '13', '2018-02-19 03:58:02', '2018-02-19 03:58:02'),
(139, 'et', 'Impedit animi et sit doloribus rerum ea quae. Aut cupiditate incidunt consequatur repellat quaerat voluptatem quae. Quidem quis qui voluptatem quas ducimus assumenda. Adipisci ipsam odit quis et aut voluptatem.', '416', '9', '24', '2018-02-19 03:58:02', '2018-02-19 03:58:02'),
(140, 'ipsum', 'Officiis veniam corporis non qui fugiat tempore rem. Eius blanditiis ad omnis consequatur voluptate recusandae ut quidem. Fugit nam et quia.', '429', '2', '11', '2018-02-19 03:58:02', '2018-02-19 03:58:02'),
(141, 'mollitia', 'Dolorum sit voluptatem id qui alias porro delectus vel. Magnam qui numquam consectetur repudiandae quis culpa.', '707', '2', '18', '2018-02-19 03:58:02', '2018-02-19 03:58:02'),
(142, 'delectus', 'Suscipit qui et eum. Adipisci maxime voluptatem qui veritatis recusandae et sunt. Et excepturi nemo et officiis sint non tenetur. Expedita deleniti voluptates cum doloribus.', '624', '7', '24', '2018-02-19 03:58:02', '2018-02-19 03:58:02'),
(143, 'explicabo', 'Sit consectetur voluptas aut ducimus nostrum sequi. Ut dolor eos quis ut. Laboriosam corrupti eaque et exercitationem minus vero modi. Corrupti voluptatem corrupti commodi est quos sed. Est autem commodi quia illo.', '839', '7', '20', '2018-02-19 03:58:02', '2018-02-19 03:58:02'),
(144, 'vel', 'Iste voluptas culpa explicabo quod aut voluptatem. Et sapiente esse velit ut. Dignissimos esse quia aliquid. Delectus rerum quo et earum.', '175', '7', '27', '2018-02-19 03:58:02', '2018-02-19 03:58:02'),
(145, 'sequi', 'Enim et omnis consequatur quam aperiam occaecati corrupti. Iure eos laudantium aliquid labore aspernatur. Fugit autem vero debitis cupiditate aperiam ut voluptatem inventore. Quaerat facere et dicta deleniti debitis esse suscipit.', '504', '5', '18', '2018-02-19 03:58:02', '2018-02-19 03:58:02'),
(146, 'sed', 'Laboriosam voluptatem ratione velit ex laudantium est eos. Assumenda ad ipsum accusamus cupiditate consequatur et consequatur. Aliquam voluptate maiores labore suscipit magnam incidunt fugit.', '541', '1', '13', '2018-02-19 03:58:02', '2018-02-19 03:58:02'),
(147, 'amet', 'Voluptas est ratione quasi accusantium non corrupti. Quod porro veniam aut non qui quasi quaerat. Rerum quisquam sapiente non animi.', '964', '3', '13', '2018-02-19 03:58:02', '2018-02-19 03:58:02'),
(148, 'culpa', 'In rerum temporibus quo saepe ut aliquid praesentium. Ab at ut sapiente et. At laborum non ad voluptatibus est officia voluptatem. Tempora harum est hic.', '625', '9', '17', '2018-02-19 03:58:02', '2018-02-19 03:58:02'),
(149, 'voluptate', 'Delectus impedit omnis sapiente ut molestiae aut. Ipsam dolores rerum est quisquam consequatur. Autem praesentium nam sit voluptatem vitae est. Omnis et itaque ut ab id.', '636', '7', '2', '2018-02-19 03:58:02', '2018-02-19 03:58:02'),
(150, 'illum', 'Ab culpa a porro quia quaerat molestiae est. Velit tempore tempore sunt error.', '536', '7', '6', '2018-02-19 03:58:02', '2018-02-19 03:58:02');

-- --------------------------------------------------------

--
-- Table structure for table `reviews`
--

CREATE TABLE `reviews` (
  `id` int(10) UNSIGNED NOT NULL,
  `product_id` int(10) UNSIGNED NOT NULL,
  `customer` varchar(255) COLLATE utf8mb4_unicode_ci NOT NULL,
  `review` text COLLATE utf8mb4_unicode_ci NOT NULL,
  `star` int(11) NOT NULL,
  `created_at` timestamp NULL DEFAULT NULL,
  `updated_at` timestamp NULL DEFAULT NULL
) ENGINE=InnoDB DEFAULT CHARSET=utf8mb4 COLLATE=utf8mb4_unicode_ci;

--
-- Dumping data for table `reviews`
--

INSERT INTO `reviews` (`id`, `product_id`, `customer`, `review`, `star`, `created_at`, `updated_at`) VALUES
(1, 107, 'Genoveva Jerde', 'In ipsa asperiores incidunt. Asperiores reiciendis quis at laborum officia. Nostrum et est recusandae eius ex.', 5, '2018-02-19 03:58:03', '2018-02-19 03:58:03'),
(2, 37, 'Casper Yost', 'Perspiciatis voluptatem cumque ratione quisquam temporibus sapiente iure. Voluptatum in quas sequi alias earum. Quam et est in doloribus. Deleniti et molestiae debitis libero corrupti. Perferendis libero rerum sunt ullam dolores.', 4, '2018-02-19 03:58:03', '2018-02-19 03:58:03'),
(3, 18, 'Leatha Lehner', 'Non blanditiis ea nisi fugiat ad consequatur et. Neque iure ut maiores necessitatibus.', 3, '2018-02-19 03:58:03', '2018-02-19 03:58:03'),
(4, 74, 'Blake Parisian', 'Animi in sed aliquid atque pariatur et. Est ad et corporis provident consequatur. Dolore exercitationem animi dicta esse enim ducimus error.', 5, '2018-02-19 03:58:03', '2018-02-19 03:58:03'),
(5, 100, 'Zechariah Padberg DVM', 'Est ea minus reprehenderit explicabo sint quas est distinctio. Quas ea deleniti accusantium omnis et deleniti ratione. Reprehenderit ut ab aliquam consequatur.', 0, '2018-02-19 03:58:03', '2018-02-19 03:58:03'),
(6, 137, 'Pearline Rosenbaum', 'Provident beatae officia et aut distinctio quod dicta. Et molestiae dignissimos ut maxime.', 0, '2018-02-19 03:58:03', '2018-02-19 03:58:03'),
(7, 74, 'Prof. Priscilla Monahan', 'Ut consequatur consequuntur rerum error consequatur corrupti atque sequi. Rerum accusantium molestiae autem excepturi eos rem est. Amet sit tenetur reprehenderit ex. Aut ex cupiditate magni et.', 0, '2018-02-19 03:58:04', '2018-02-19 03:58:04'),
(8, 66, 'Mr. Fernando Harris', 'Et perspiciatis rerum at nisi sunt. Nisi corrupti eveniet id quasi odio est. Ea sed et sed corporis molestiae. Minima maxime ut atque soluta.', 2, '2018-02-19 03:58:04', '2018-02-19 03:58:04'),
(9, 38, 'Junius Nikolaus II', 'Quas adipisci laboriosam et quis maxime. Quo autem quam consequatur ea. Distinctio qui consequatur doloribus sed hic vel.', 5, '2018-02-19 03:58:04', '2018-02-19 03:58:04'),
(10, 50, 'Karen Rodriguez MD', 'Fuga et aspernatur eum ratione quibusdam ut possimus. Deleniti error optio consequatur expedita perspiciatis dolore. Culpa saepe enim dolorum earum asperiores.', 3, '2018-02-19 03:58:04', '2018-02-19 03:58:04'),
(11, 142, 'Kristy Abbott', 'Illo temporibus odit qui sunt quas delectus. Architecto et doloremque voluptatem repudiandae. Ducimus porro voluptate eum incidunt. Tenetur eveniet consequuntur ea quis ipsam aspernatur. Veniam perferendis quas voluptatem similique itaque.', 2, '2018-02-19 03:58:04', '2018-02-19 03:58:04'),
(12, 134, 'Urban Hayes', 'Iste consequatur et nihil aut. Aliquam repudiandae enim enim necessitatibus ut. Cum in animi saepe dolorem non consectetur.', 5, '2018-02-19 03:58:04', '2018-02-19 03:58:04'),
(13, 20, 'Geo Stark', 'Perferendis odit voluptatibus voluptate. Quo enim eum qui. Quasi enim ipsam nam. Amet et voluptas iste consequuntur aliquid.', 5, '2018-02-19 03:58:04', '2018-02-19 03:58:04'),
(14, 88, 'Piper Blick', 'Dicta aut quis qui eaque aut. Veritatis aut beatae dolor voluptas fuga. Modi inventore dignissimos temporibus id ducimus adipisci illum. Accusamus qui error vel ut aperiam quibusdam.', 5, '2018-02-19 03:58:04', '2018-02-19 03:58:04'),
(15, 6, 'Alycia Rodriguez', 'Maxime quia temporibus vel aut commodi. Non ea inventore optio nostrum inventore asperiores. Qui ipsum corrupti molestiae. Voluptatem repudiandae labore quae deleniti corrupti enim atque.', 4, '2018-02-19 03:58:04', '2018-02-19 03:58:04'),
(16, 5, 'Mrs. Micaela Blick Sr.', 'Vitae sint rerum omnis maxime sit sapiente. Voluptate omnis excepturi qui ad error non et. Labore sapiente ut enim vel totam ipsam excepturi.', 3, '2018-02-19 03:58:04', '2018-02-19 03:58:04'),
(17, 149, 'Nils Dickinson', 'Voluptatem repellat voluptas commodi voluptas. Assumenda provident optio molestiae nam.', 3, '2018-02-19 03:58:04', '2018-02-19 03:58:04'),
(18, 67, 'Will Lueilwitz', 'Omnis reprehenderit labore ab dolores dolorem aspernatur harum. Repellat et laudantium recusandae. Perspiciatis eveniet aut qui quo sit.', 4, '2018-02-19 03:58:04', '2018-02-19 03:58:04'),
(19, 57, 'Dr. Suzanne Hermiston', 'At maiores aut magnam dolor ut et molestiae. Ipsa hic in nisi velit voluptatibus ut necessitatibus. Itaque et minus sit dignissimos voluptatem veritatis. Dolorum voluptatem animi enim magnam nostrum non.', 0, '2018-02-19 03:58:04', '2018-02-19 03:58:04'),
(20, 42, 'Ms. Selena Auer', 'Facere saepe vero aliquam aliquid eligendi suscipit. Dignissimos ratione aliquam voluptas. Aperiam nobis molestiae expedita fugit quae. Possimus reprehenderit repellendus omnis et magni quidem veritatis odio.', 0, '2018-02-19 03:58:04', '2018-02-19 03:58:04'),
(21, 44, 'Dr. Tyree Lind PhD', 'Voluptatibus voluptates consequuntur sapiente deleniti ab consequatur repudiandae reprehenderit. Quo est doloribus odit sint sint voluptatem.', 0, '2018-02-19 03:58:04', '2018-02-19 03:58:04'),
(22, 26, 'Bernita Corkery I', 'Omnis sunt rerum fugiat ea vitae. Ipsum et tempore commodi. Temporibus odio consequatur voluptatem quisquam atque quia ipsa est. Ipsum molestiae aspernatur consectetur soluta.', 0, '2018-02-19 03:58:04', '2018-02-19 03:58:04'),
(23, 122, 'Elna Howell', 'Voluptatum dicta non ut non. Officia possimus provident delectus delectus molestiae corrupti. Culpa sed doloremque aut voluptatibus quod tenetur ex. Voluptatum ad et repudiandae modi non sint.', 4, '2018-02-19 03:58:04', '2018-02-19 03:58:04'),
(24, 147, 'Stephany Boyer MD', 'Reiciendis cumque quis quis eos suscipit odio. Dolores et ullam sit ullam voluptatum harum. Labore mollitia qui veritatis tempore voluptatem.', 0, '2018-02-19 03:58:04', '2018-02-19 03:58:04'),
(25, 15, 'Miss Lucienne Kovacek', 'Error minus labore cumque similique. Perferendis ullam aut perferendis fugit quisquam sequi molestiae reprehenderit. Ut est consequatur eligendi est tenetur. Itaque voluptatibus non sit iure.', 0, '2018-02-19 03:58:04', '2018-02-19 03:58:04'),
(26, 141, 'Raoul Senger Jr.', 'Debitis quod beatae voluptas ea et. Asperiores quam vitae ut dicta minus. Aut reiciendis ea consequatur earum. Dicta saepe similique odio eaque.', 3, '2018-02-19 03:58:04', '2018-02-19 03:58:04'),
(27, 147, 'Gerry Wiegand Jr.', 'Ut dolorum qui explicabo veniam corrupti minus. Ipsa fugit voluptatem omnis omnis rerum nemo enim. Placeat quam aut rerum fugit suscipit.', 5, '2018-02-19 03:58:05', '2018-02-19 03:58:05'),
(28, 12, 'Polly Kris I', 'Aut praesentium rerum totam. Aut repudiandae ut voluptatem incidunt unde. Et consequatur totam iste ipsa animi sed quia. Sequi assumenda enim quia saepe doloribus sequi magnam. Saepe maiores et quaerat.', 4, '2018-02-19 03:58:05', '2018-02-19 03:58:05'),
(29, 26, 'Walker Botsford', 'Qui repellat eos dicta et necessitatibus. Laboriosam optio quis sequi. Amet delectus voluptatum consectetur non et. Iusto sed molestiae quas et corporis enim quo.', 1, '2018-02-19 03:58:05', '2018-02-19 03:58:05'),
(30, 85, 'Austin Kautzer', 'Voluptatem qui veniam nihil nobis vel optio necessitatibus. Similique dolorem a ullam. Aut quo fugit sunt. Nemo voluptatem et neque dolores autem.', 4, '2018-02-19 03:58:05', '2018-02-19 03:58:05'),
(31, 76, 'Cassandra Ward', 'Voluptatem dolores aut soluta rerum vel. Labore id autem autem saepe in fuga. Qui mollitia asperiores provident. Dolores officia numquam nulla magni.', 3, '2018-02-19 03:58:05', '2018-02-19 03:58:05'),
(32, 33, 'Prof. Herminio Feeney', 'Explicabo similique consequuntur occaecati architecto labore nobis. A ullam maiores earum culpa consequatur. Magni et voluptatibus soluta voluptatum quas. Iure ab dolor qui labore. Id voluptatem at est provident.', 1, '2018-02-19 03:58:05', '2018-02-19 03:58:05'),
(33, 85, 'Raegan Purdy MD', 'Id fugiat est sunt nemo sit doloremque. Recusandae sit corrupti ducimus similique eveniet magnam illum. Dicta sunt eos porro dolor similique minima laborum. At cum quia totam voluptatum.', 2, '2018-02-19 03:58:05', '2018-02-19 03:58:05'),
(34, 21, 'Palma Witting Jr.', 'Quis sint unde eum dicta. Molestias assumenda sed occaecati necessitatibus. In perspiciatis doloremque eum.', 3, '2018-02-19 03:58:05', '2018-02-19 03:58:05'),
(35, 143, 'Vanessa Feil DVM', 'Non et alias eos rem. Laborum maiores ut sunt eos autem voluptate. Quis optio atque qui. Eos ut et illo debitis voluptates perferendis in.', 5, '2018-02-19 03:58:05', '2018-02-19 03:58:05'),
(36, 47, 'Prudence Goodwin', 'Nemo modi earum ratione natus. Quasi ut ipsum alias sint velit. Sapiente nihil eum beatae nisi iure. Vel impedit voluptatem perferendis velit consequatur.', 0, '2018-02-19 03:58:05', '2018-02-19 03:58:05'),
(37, 79, 'Prof. Dorthy Kulas II', 'Sed animi consequatur nisi aspernatur quasi. Repudiandae voluptatem est nemo quod.', 1, '2018-02-19 03:58:05', '2018-02-19 03:58:05'),
(38, 104, 'Mr. Gavin Ebert IV', 'Similique eveniet similique adipisci labore molestiae. Sunt occaecati pariatur quas reprehenderit aspernatur commodi. Magnam repellat officiis tempora voluptates odit quod laudantium.', 3, '2018-02-19 03:58:05', '2018-02-19 03:58:05'),
(39, 35, 'Lucy Schroeder', 'Sit nihil voluptas nihil dolor id. Enim placeat est ullam quasi qui est reprehenderit. Earum ratione ducimus ad id. Reprehenderit aut quam perspiciatis soluta voluptas sed reiciendis.', 1, '2018-02-19 03:58:05', '2018-02-19 03:58:05'),
(40, 49, 'Mr. Marcelo Kessler DDS', 'Magnam occaecati quo quasi sapiente ut. Neque minus excepturi nihil ut sunt iste voluptas corporis. Est quidem nisi aliquid inventore dolorem vitae possimus. Odit odit rerum omnis voluptas.', 5, '2018-02-19 03:58:05', '2018-02-19 03:58:05'),
(41, 145, 'Abner Bernhard', 'Id tempora molestiae quas nostrum sed. Vitae sed occaecati eos et enim quos nulla doloribus. Sunt suscipit totam ullam perferendis vitae fugiat nihil. Culpa modi iusto id repellat nesciunt cupiditate.', 3, '2018-02-19 03:58:05', '2018-02-19 03:58:05'),
(42, 92, 'Aylin Kiehn', 'Perspiciatis modi dolor dolor temporibus minus. Fugit suscipit aliquam est commodi qui error doloribus animi. In ab corporis cupiditate sed ad. Incidunt nihil quisquam est est. Asperiores qui culpa eum aspernatur officia sequi incidunt optio.', 4, '2018-02-19 03:58:05', '2018-02-19 03:58:05'),
(43, 117, 'Emelia Donnelly', 'Tempore illum et quibusdam maxime asperiores. Aperiam nisi sint velit est voluptate. Et enim voluptate impedit nam molestias exercitationem eveniet possimus.', 4, '2018-02-19 03:58:05', '2018-02-19 03:58:05'),
(44, 95, 'Michael Carter', 'Iusto sit qui quia dolores hic ea molestiae. Nostrum ipsum aspernatur earum voluptas commodi voluptas est. Aut eum et molestias adipisci voluptate.', 2, '2018-02-19 03:58:05', '2018-02-19 03:58:05'),
(45, 149, 'Hilbert Hoppe', 'Aut minima adipisci voluptatem ipsa. Ex similique ut voluptatem aliquid et. Ipsam quibusdam quos vel libero.', 3, '2018-02-19 03:58:05', '2018-02-19 03:58:05'),
(46, 58, 'Yoshiko Turner', 'Iste sed nihil molestiae nesciunt. Et consequatur doloribus illo dolorum delectus temporibus autem. Tenetur distinctio tempora et temporibus nesciunt harum vitae. Qui aut tempore ad id excepturi ducimus corrupti.', 5, '2018-02-19 03:58:05', '2018-02-19 03:58:05'),
(47, 47, 'Will Wilkinson', 'Molestiae eveniet reiciendis fugit. Quod non minima unde neque quis. Officia facere temporibus dolor maxime qui dignissimos. Vero amet officia ut et deserunt.', 5, '2018-02-19 03:58:05', '2018-02-19 03:58:05'),
(48, 75, 'Dr. Jamir Kohler I', 'Tenetur est dolor quia aspernatur ut qui doloremque nam. Tempora et voluptatum non officia. Placeat pariatur et odit. Culpa rerum et consequatur ut.', 0, '2018-02-19 03:58:05', '2018-02-19 03:58:05'),
(49, 121, 'Petra Little', 'Autem magni commodi beatae aut velit ad et. Vel eaque inventore occaecati fuga blanditiis. Ab incidunt velit voluptas voluptas dicta adipisci. Est provident est ut labore at.', 2, '2018-02-19 03:58:06', '2018-02-19 03:58:06'),
(50, 102, 'Ryder Klein', 'Dolorum eum sapiente quaerat maiores. Nam non omnis explicabo voluptate. Vitae laboriosam numquam maiores nihil accusamus et est qui. Blanditiis vel sed sed et reiciendis blanditiis.', 0, '2018-02-19 03:58:06', '2018-02-19 03:58:06'),
(51, 20, 'Kim Reichert', 'Ut quam quia iure ullam nihil. Maiores vitae doloribus et. Excepturi quibusdam nobis animi error id voluptatem consequatur. Est vitae officia rerum et molestiae occaecati.', 1, '2018-02-19 03:58:06', '2018-02-19 03:58:06'),
(52, 17, 'Eden Mohr', 'Iste iure saepe qui quidem laborum et vitae. Repellat consequatur inventore facere dolore veritatis. Quia consequatur blanditiis vel voluptate voluptatum quibusdam et.', 1, '2018-02-19 03:58:06', '2018-02-19 03:58:06'),
(53, 111, 'Zula Becker', 'Quisquam aperiam cupiditate ad voluptas doloribus modi. Ut non est ad et molestiae nemo. Ducimus qui aut eaque ipsum praesentium in dolore non. Rerum quia fugit temporibus atque.', 4, '2018-02-19 03:58:06', '2018-02-19 03:58:06'),
(54, 17, 'Miss Jackie Feest', 'Voluptatem voluptatem cum provident quo et ex exercitationem. Quam dolor voluptas fugiat ut repellat. Iusto sunt occaecati velit sunt. Veritatis qui velit dolorem aut.', 3, '2018-02-19 03:58:06', '2018-02-19 03:58:06'),
(55, 141, 'Uriel Mueller', 'Temporibus quis sed possimus. Architecto rerum aliquam fugit corporis. Est ipsum hic dignissimos saepe molestiae sit ea.', 5, '2018-02-19 03:58:06', '2018-02-19 03:58:06'),
(56, 101, 'Faustino Hodkiewicz', 'Sunt est quam incidunt a voluptas cum. Possimus iusto minima maxime blanditiis sit. Et quia voluptatum voluptatem voluptatem. Rerum non sunt distinctio similique in.', 4, '2018-02-19 03:58:06', '2018-02-19 03:58:06'),
(57, 21, 'Hector Fritsch DDS', 'Facere laboriosam qui in molestiae et. Cum a sunt in aspernatur. Nobis architecto dolores et a temporibus et nam.', 1, '2018-02-19 03:58:06', '2018-02-19 03:58:06'),
(58, 29, 'Milford Kilback', 'Voluptas consequatur id maiores eos. Occaecati accusantium perferendis distinctio ea architecto ut mollitia velit. Ratione est rerum iure ad. Ut aut et tenetur excepturi quis. Dolor exercitationem rerum adipisci sit ut doloribus.', 3, '2018-02-19 03:58:06', '2018-02-19 03:58:06'),
(59, 30, 'Holden Collins Jr.', 'Ut perferendis rerum est culpa. Ea nisi incidunt odit minus explicabo molestiae. Sapiente minus ullam nam ex cupiditate. Consequatur quaerat est sit est quo temporibus accusantium.', 5, '2018-02-19 03:58:06', '2018-02-19 03:58:06'),
(60, 67, 'Americo Kohler', 'Tempore et qui et aliquam sed consequuntur accusamus veniam. Ex quos repudiandae officiis voluptatem voluptatem. Beatae id dolor et modi ut.', 0, '2018-02-19 03:58:06', '2018-02-19 03:58:06'),
(61, 14, 'Mrs. Josephine Hayes', 'Praesentium nulla perferendis facere reprehenderit. Ipsum possimus dolores iusto quasi. Commodi eligendi et voluptas est. Nulla molestiae vitae repellendus quasi quidem cumque. Possimus et aut distinctio quia et id.', 2, '2018-02-19 03:58:06', '2018-02-19 03:58:06'),
(62, 27, 'Vergie Murray', 'Ut et sequi dolor vitae velit. Rerum a ut sit et alias. Dolor qui et quaerat molestiae consectetur autem reprehenderit.', 3, '2018-02-19 03:58:06', '2018-02-19 03:58:06'),
(63, 145, 'Meghan Shanahan', 'Enim sint ad iusto qui voluptatum adipisci aut. Quaerat omnis repellat hic rerum aspernatur ut ut.', 3, '2018-02-19 03:58:06', '2018-02-19 03:58:06'),
(64, 150, 'Noble Brekke', 'Ut earum explicabo consectetur aut aut. Voluptatem harum quo consequatur aperiam. Ex ut blanditiis accusantium sint asperiores. Quod ut iusto corrupti tempora rem itaque.', 4, '2018-02-19 03:58:06', '2018-02-19 03:58:06'),
(65, 20, 'Carlie Roberts', 'Eos itaque laudantium quia expedita. Quia sapiente corrupti et quae minus quisquam.', 0, '2018-02-19 03:58:06', '2018-02-19 03:58:06'),
(66, 89, 'Mr. Nicholas Heller DDS', 'Quidem vitae esse nobis quasi. Veritatis ut et harum maiores aperiam nulla. Aliquid earum ut iure nostrum omnis assumenda.', 2, '2018-02-19 03:58:06', '2018-02-19 03:58:06'),
(67, 37, 'Albin Armstrong', 'Nihil ut iusto laudantium modi expedita fugit amet. Similique consequatur facilis aut nesciunt. Aspernatur non explicabo corrupti numquam excepturi. Commodi consequuntur ut veritatis officiis magnam commodi facilis qui. Accusantium nulla laudantium laboriosam repellendus eaque.', 5, '2018-02-19 03:58:06', '2018-02-19 03:58:06'),
(68, 5, 'Dorthy Bergnaum', 'Placeat minus debitis quia ea velit. Quia qui quod voluptate officia est. Et et adipisci in iste iusto. Est perspiciatis ipsum ratione explicabo recusandae dolor.', 1, '2018-02-19 03:58:06', '2018-02-19 03:58:06'),
(69, 88, 'Micheal Kreiger', 'Adipisci ea impedit animi omnis. Distinctio asperiores vero possimus quae. Atque consequuntur magni in excepturi itaque molestias at iusto. Et sit totam itaque omnis similique.', 2, '2018-02-19 03:58:06', '2018-02-19 03:58:06'),
(70, 149, 'Adelbert Wilderman', 'Est maiores iste sit architecto exercitationem. Accusamus a maiores porro et fugiat eligendi doloribus doloremque.', 3, '2018-02-19 03:58:06', '2018-02-19 03:58:06'),
(71, 56, 'Ona Schmidt', 'Corrupti sunt sunt corrupti voluptatem aut. Fuga sint consectetur eos eos unde voluptas repudiandae qui. Quia commodi laboriosam earum saepe accusantium. Facilis et dignissimos soluta iste corporis harum autem.', 4, '2018-02-19 03:58:06', '2018-02-19 03:58:06'),
(72, 5, 'Miss Shyanne Olson Sr.', 'Autem illum quo occaecati quasi et quidem cum. Adipisci et sed sunt minima aut enim eos.', 2, '2018-02-19 03:58:06', '2018-02-19 03:58:06'),
(73, 149, 'Mrs. Michaela Mueller', 'Accusamus quis architecto numquam hic ipsa minus doloremque impedit. Molestias sed ratione ad cupiditate. Maiores dicta molestiae ipsam ipsa et. Quod suscipit dolor enim consequatur nihil et unde perferendis. Vel est quaerat voluptas perspiciatis sed adipisci voluptas.', 4, '2018-02-19 03:58:07', '2018-02-19 03:58:07'),
(74, 124, 'Prof. Deja Mueller Jr.', 'Eos facilis mollitia animi et et. Reiciendis velit tenetur perspiciatis dolor esse. Rerum adipisci et commodi perferendis tenetur temporibus.', 5, '2018-02-19 03:58:07', '2018-02-19 03:58:07'),
(75, 5, 'Jessyca Quitzon', 'Voluptatum expedita cum vel doloremque qui dolorem sequi ut. Ea optio qui consequatur a minus iste ab. Accusamus labore soluta magni nesciunt recusandae nam fuga est. Id dolorem nihil consequatur voluptatibus repellendus natus reiciendis.', 5, '2018-02-19 03:58:07', '2018-02-19 03:58:07'),
(76, 44, 'Damon Wiza', 'Veritatis in in ut aut. Eligendi necessitatibus iste ut voluptatem ab soluta. Consequatur amet tempora laboriosam dolorem quidem. Aliquam esse animi id libero eaque fugiat aut neque.', 4, '2018-02-19 03:58:07', '2018-02-19 03:58:07'),
(77, 119, 'Miss Tiffany Keeling', 'Omnis velit molestias animi eum id accusantium sequi. Eos ducimus aut aut quia possimus corporis aut. Quia provident quia debitis dolor aut et id. Consequatur corrupti culpa velit deserunt. Voluptas numquam doloremque adipisci eius ab quis labore.', 3, '2018-02-19 03:58:07', '2018-02-19 03:58:07'),
(78, 25, 'Jadon Goldner', 'Eveniet ipsa voluptatem occaecati excepturi qui tempore. Beatae rerum quod repellendus vel cumque eos culpa. Hic at voluptas porro.', 4, '2018-02-19 03:58:07', '2018-02-19 03:58:07'),
(79, 110, 'Eloisa Goodwin', 'Dolorem eaque et eos. Fugit a fuga optio quia aliquam est. Quia fugiat non debitis veniam eos maxime eum. Voluptate voluptates dolor magnam et inventore praesentium hic. Atque et libero amet deleniti.', 4, '2018-02-19 03:58:07', '2018-02-19 03:58:07'),
(80, 122, 'Oliver Quitzon', 'Tempore ut dolorum aut non ut aut voluptas. Dolore quia occaecati eius necessitatibus et. Enim enim quasi nihil mollitia qui officia. Perspiciatis earum atque odit at ut.', 2, '2018-02-19 03:58:07', '2018-02-19 03:58:07'),
(81, 143, 'Agustina Bailey', 'Unde commodi veniam eligendi aut libero. Aut mollitia quo qui velit eum nam quia. Sunt iste et voluptates consequuntur.', 3, '2018-02-19 03:58:07', '2018-02-19 03:58:07'),
(82, 129, 'Keaton Mosciski', 'Rem occaecati id excepturi. Ut accusantium placeat hic velit. Voluptatem voluptatem sunt animi sed expedita.', 4, '2018-02-19 03:58:07', '2018-02-19 03:58:07'),
(83, 95, 'Javon Hegmann Sr.', 'Facilis animi et incidunt vitae et occaecati. Corrupti qui maxime ut esse vero beatae hic ut. Qui quia quisquam sed minus.', 0, '2018-02-19 03:58:07', '2018-02-19 03:58:07'),
(84, 15, 'Felicita Bins II', 'Rerum non sed neque adipisci voluptatem et et. Sed reiciendis hic cupiditate adipisci est omnis dolor. Laboriosam labore exercitationem temporibus quia natus ut.', 4, '2018-02-19 03:58:07', '2018-02-19 03:58:07'),
(85, 12, 'Prof. Melvina Weimann', 'Officia qui velit recusandae quos id repudiandae quod vel. Sint hic voluptas vel qui. Officia assumenda non mollitia eos asperiores.', 0, '2018-02-19 03:58:07', '2018-02-19 03:58:07'),
(86, 13, 'Katelin Rogahn', 'Aut esse nobis provident voluptatibus non id qui. Sit voluptas ducimus voluptas aliquam maxime unde illo. Placeat repellat numquam sapiente. Voluptatem quae totam dolores sunt consectetur.', 3, '2018-02-19 03:58:07', '2018-02-19 03:58:07'),
(87, 28, 'Ms. Dortha Stamm I', 'Laborum quidem ut rem beatae et. Excepturi libero qui ipsa voluptates. Illo nihil dolorem eligendi repellat et.', 4, '2018-02-19 03:58:07', '2018-02-19 03:58:07'),
(88, 9, 'Bernita Goyette', 'Est commodi non est qui non ratione. Illo sed assumenda harum aut ea sit rerum. Inventore amet iusto cumque. Consequatur quae velit harum iure provident.', 2, '2018-02-19 03:58:07', '2018-02-19 03:58:07'),
(89, 58, 'Penelope Russel', 'Ea distinctio voluptate hic earum totam est. Non ex nemo omnis debitis necessitatibus commodi omnis. Molestiae voluptate excepturi nisi saepe. Et velit temporibus voluptas sint.', 2, '2018-02-19 03:58:07', '2018-02-19 03:58:07'),
(90, 56, 'Devin Mraz', 'Quisquam accusantium unde culpa perferendis consequatur et ex voluptatem. Molestiae ea cumque qui vel est voluptatem. Accusantium sint exercitationem amet non ullam delectus itaque ut.', 0, '2018-02-19 03:58:07', '2018-02-19 03:58:07'),
(91, 82, 'Monserrat Becker', 'Aut praesentium qui ea ut. Ducimus nihil assumenda quo incidunt est officiis veniam. Aut quasi cum et et. Quos odit error et doloremque ut quo dolorem.', 1, '2018-02-19 03:58:07', '2018-02-19 03:58:07'),
(92, 40, 'Dr. Eldora Kovacek V', 'Fuga error laboriosam sequi blanditiis expedita non. Impedit minima dolore reiciendis sed numquam. Est corporis eos modi eos quae nulla veniam. Qui deserunt est quod sapiente ab magni.', 1, '2018-02-19 03:58:07', '2018-02-19 03:58:07'),
(93, 68, 'Theodora Veum', 'At exercitationem est magnam quos voluptas omnis. Est deleniti voluptatem cum eum facilis. Eos numquam commodi eaque ut sit. Velit sint nam quae eveniet veritatis ipsum.', 2, '2018-02-19 03:58:08', '2018-02-19 03:58:08'),
(94, 82, 'Brenna Kuvalis', 'Est cupiditate reiciendis et id ut eligendi id. Quaerat dolore et officiis enim. Odio nobis quia non excepturi ut error ut consectetur. Aut est repudiandae quo et veritatis.', 2, '2018-02-19 03:58:08', '2018-02-19 03:58:08'),
(95, 42, 'Myron Rippin', 'Qui saepe ut sequi vel ipsum quidem. Error tenetur voluptatum sint similique temporibus dolorem.', 5, '2018-02-19 03:58:08', '2018-02-19 03:58:08'),
(96, 131, 'Prof. Carlo Gleichner', 'Labore suscipit est aut deserunt ut et. Fugit et iste rerum nobis neque voluptatem architecto. Tenetur explicabo ut recusandae impedit. Cupiditate inventore sed neque cumque. Unde magni et debitis totam vero voluptas dolor.', 4, '2018-02-19 03:58:08', '2018-02-19 03:58:08'),
(97, 146, 'Mr. Lavon Cormier', 'Veniam sunt eum sed odio ea. Facere voluptates beatae nihil necessitatibus. Magnam quis dolore fugit id voluptatem optio.', 1, '2018-02-19 03:58:08', '2018-02-19 03:58:08'),
(98, 32, 'Clare Erdman', 'Quidem dolores est aut. Quo distinctio quaerat laborum amet reprehenderit aut. Asperiores omnis voluptatem dolorem sit sed ducimus. Quo cupiditate et tenetur reiciendis ut minus perferendis dolorem.', 0, '2018-02-19 03:58:08', '2018-02-19 03:58:08'),
(99, 42, 'Keely Maggio', 'Ipsum unde nisi explicabo aliquam dolorum ullam. Qui quaerat rerum nam nemo. Ullam necessitatibus autem asperiores omnis tempora sit aut. Tempore ipsam quia facere a numquam soluta qui.', 0, '2018-02-19 03:58:08', '2018-02-19 03:58:08'),
(100, 72, 'Lora Marvin', 'Nihil molestias voluptatem suscipit officiis perspiciatis quibusdam. Quia soluta tempore qui autem labore ex quo. Rerum nulla necessitatibus velit quasi rem.', 5, '2018-02-19 03:58:08', '2018-02-19 03:58:08'),
(101, 38, 'Catharine Wehner', 'Similique rem vel nostrum excepturi. Deleniti mollitia in porro. Laborum itaque in labore illum. Atque unde eos id aperiam.', 5, '2018-02-19 03:58:08', '2018-02-19 03:58:08'),
(102, 61, 'Isaiah Crist', 'Ipsam vel possimus et. Enim sint earum expedita aut corporis et veritatis. Quis facilis architecto necessitatibus nesciunt nostrum rerum.', 5, '2018-02-19 03:58:08', '2018-02-19 03:58:08'),
(103, 73, 'Brittany Feest', 'Fuga ut dolor sunt voluptas ipsa. Nam pariatur consequuntur est quam modi enim voluptatem. Debitis esse quae et corporis ut. Ut distinctio non nemo cupiditate voluptas. Est autem adipisci dicta labore.', 4, '2018-02-19 03:58:08', '2018-02-19 03:58:08'),
(104, 18, 'Prof. Summer Johnston III', 'Debitis dignissimos expedita incidunt praesentium assumenda. Natus nemo reprehenderit odit. Quo est omnis ut tempore nostrum temporibus.', 4, '2018-02-19 03:58:08', '2018-02-19 03:58:08'),
(105, 4, 'Anais Cartwright', 'Molestias labore pariatur ab eligendi. Ipsum eaque omnis consequuntur quis rerum. Distinctio perspiciatis ipsa aperiam molestiae id ipsam dolorem ratione. Nam voluptate sequi et labore et labore distinctio consequatur. Sunt quia et ut debitis rerum voluptas error.', 4, '2018-02-19 03:58:08', '2018-02-19 03:58:08'),
(106, 19, 'Miss Lola Stoltenberg', 'Voluptatem sunt unde aliquid in. Repudiandae eum voluptatibus unde vel nostrum. Unde nihil amet illo et sapiente aut.', 4, '2018-02-19 03:58:08', '2018-02-19 03:58:08'),
(107, 121, 'Savannah Goldner', 'Ut consequatur unde magnam. Illum rerum deleniti voluptatem. Impedit incidunt hic ex. Quasi doloremque quis nihil dolorem eveniet omnis.', 2, '2018-02-19 03:58:08', '2018-02-19 03:58:08'),
(108, 43, 'Herbert Frami', 'Dolor et aliquid et recusandae ut et ab. Dolorem a ad nemo accusamus adipisci rerum voluptatum. Laborum a est vero et voluptas. Rerum sunt eum sunt suscipit.', 0, '2018-02-19 03:58:08', '2018-02-19 03:58:08'),
(109, 85, 'Carey Shanahan', 'Eum voluptates modi qui. Quos quisquam architecto dolor aut beatae fugit nihil. Aut molestias consectetur recusandae enim similique aut sint.', 3, '2018-02-19 03:58:08', '2018-02-19 03:58:08'),
(110, 99, 'Anthony Kutch', 'Voluptas iste quis maxime perferendis qui at repudiandae. Sint rerum molestiae tenetur nesciunt.', 1, '2018-02-19 03:58:08', '2018-02-19 03:58:08'),
(111, 141, 'Miss Alexanne Ernser', 'Non et excepturi nobis. Ea saepe sit sint sapiente optio id. Enim veniam et autem autem.', 4, '2018-02-19 03:58:08', '2018-02-19 03:58:08'),
(112, 75, 'Ayla Gerlach', 'Corporis deleniti ea alias et laboriosam et dolores ipsam. Beatae doloribus et labore ut maxime qui laborum. Perferendis officiis deleniti labore sequi. Omnis asperiores hic eos numquam.', 3, '2018-02-19 03:58:09', '2018-02-19 03:58:09'),
(113, 74, 'Prof. Ted Renner', 'Omnis aut est aut quae. Vel omnis asperiores ab necessitatibus unde ut et explicabo. Deserunt reprehenderit consequuntur animi dolores quo.', 5, '2018-02-19 03:58:09', '2018-02-19 03:58:09'),
(114, 125, 'Judson Haag', 'Necessitatibus quod assumenda et aut qui. Blanditiis dolor voluptatum a consequatur itaque cum quas.', 1, '2018-02-19 03:58:09', '2018-02-19 03:58:09'),
(115, 88, 'Alexane Rath', 'Reprehenderit recusandae ut accusamus deserunt consequatur ducimus. Blanditiis autem aut praesentium iusto et voluptatibus odit porro. At non sequi iusto sit doloribus sapiente quia rerum. Et deserunt nisi et et. Libero voluptatem nesciunt qui harum sint sint nam.', 3, '2018-02-19 03:58:09', '2018-02-19 03:58:09'),
(116, 118, 'Rosalind Stehr', 'Voluptatum quis est sit sit iusto. Animi nam ut reprehenderit ullam voluptatem delectus. Pariatur sit voluptatem voluptatum aut voluptates beatae. Eos dolorum enim distinctio sit. Numquam numquam similique a quia ut.', 0, '2018-02-19 03:58:09', '2018-02-19 03:58:09'),
(117, 45, 'Valentine Rowe', 'Recusandae occaecati doloribus necessitatibus ut odit corrupti fugiat. Facere assumenda omnis culpa aperiam eum ullam tempore. Dolorem quasi culpa minus tempore.', 0, '2018-02-19 03:58:09', '2018-02-19 03:58:09'),
(118, 101, 'Dr. Gage Gerlach', 'Tempora magnam debitis saepe saepe odit tempore. Dolorem maxime voluptatem aperiam rerum.', 2, '2018-02-19 03:58:09', '2018-02-19 03:58:09'),
(119, 95, 'Dr. Arthur Ullrich DVM', 'Mollitia qui qui aut ut. Perferendis eius dicta amet iste est reprehenderit doloribus. Autem consequatur necessitatibus nulla et esse laudantium modi aliquid.', 5, '2018-02-19 03:58:09', '2018-02-19 03:58:09'),
(120, 84, 'Dr. Amara Roob DVM', 'Pariatur necessitatibus sit et reiciendis et. Commodi culpa aut incidunt et in. Saepe eum soluta debitis ea sed.', 1, '2018-02-19 03:58:09', '2018-02-19 03:58:09'),
(121, 126, 'Clementina Gaylord DDS', 'Fugiat quos qui nobis qui officiis odit. Tenetur omnis blanditiis non sit ut et iusto. Earum dolores modi officiis veritatis omnis. Asperiores dolorem nemo quibusdam voluptatem.', 2, '2018-02-19 03:58:09', '2018-02-19 03:58:09'),
(122, 70, 'Allen Harris', 'Necessitatibus dignissimos quae est impedit iste amet. Voluptatem facilis quidem magnam ab vero aut sint. Fuga deleniti doloribus iusto eius ea. Voluptatem tempora voluptate at odio debitis quos qui sit.', 5, '2018-02-19 03:58:09', '2018-02-19 03:58:09'),
(123, 64, 'Melissa Gulgowski', 'Consectetur excepturi nihil molestias et non rerum. Aspernatur quas ut perferendis est voluptates autem nemo.', 3, '2018-02-19 03:58:09', '2018-02-19 03:58:09'),
(124, 111, 'Rita Graham I', 'Esse dolores officia iure asperiores eum. Repellat quia aut fuga natus autem voluptates saepe. Dolores et animi qui ad. Commodi iste blanditiis omnis iure.', 1, '2018-02-19 03:58:09', '2018-02-19 03:58:09'),
(125, 35, 'Hobart Ankunding', 'Veniam cumque vitae sit non. Impedit molestiae dolorum eum eligendi.', 5, '2018-02-19 03:58:09', '2018-02-19 03:58:09'),
(126, 101, 'Carroll Daniel', 'Qui nihil officiis exercitationem iste voluptatibus aliquam. Et qui doloribus fugiat iure. Explicabo nisi et facilis sed.', 1, '2018-02-19 03:58:09', '2018-02-19 03:58:09'),
(127, 144, 'Kiera Bernier DVM', 'Ipsam ut inventore eaque dolores officiis. Nisi hic repellendus ea. Suscipit et et blanditiis. Nulla ea deserunt praesentium quis repudiandae et dolores.', 5, '2018-02-19 03:58:09', '2018-02-19 03:58:09'),
(128, 58, 'Dr. Earlene Rogahn', 'Aspernatur est repudiandae dolor officiis sint ullam et alias. Repellendus officiis doloribus dolorem blanditiis ut. Sint beatae omnis eligendi aut.', 5, '2018-02-19 03:58:09', '2018-02-19 03:58:09'),
(129, 83, 'Miss Isabelle Kub I', 'Consequatur eos placeat quaerat suscipit modi maiores. Ullam autem numquam magnam repudiandae provident sed. Consequuntur et magni officia enim cumque. Repellat similique est sint quas.', 5, '2018-02-19 03:58:09', '2018-02-19 03:58:09'),
(130, 121, 'Dr. Christa Braun', 'Praesentium voluptatem eaque aspernatur minus laborum ut facere. Et ut ut necessitatibus suscipit aspernatur nulla voluptas. Numquam eos voluptas veniam minima ipsam eaque fuga.', 1, '2018-02-19 03:58:09', '2018-02-19 03:58:09'),
(131, 18, 'Evert Parisian', 'Tenetur sint nemo vero quis odit et. Minus iusto similique praesentium minima molestiae. Dolores dolorum nam modi.', 1, '2018-02-19 03:58:09', '2018-02-19 03:58:09'),
(132, 58, 'Kiara Gutkowski', 'Nemo molestiae adipisci provident pariatur consequatur eius molestias. Omnis perspiciatis temporibus sit corporis architecto aliquid. Provident et omnis et ratione. Totam incidunt unde dicta exercitationem reiciendis. Id illo et asperiores error explicabo est et dolor.', 3, '2018-02-19 03:58:09', '2018-02-19 03:58:09'),
(133, 94, 'Enid Hand Jr.', 'Ut voluptatem accusamus assumenda hic. Est mollitia esse qui quidem perferendis in. Sint adipisci quia quasi ipsum aperiam dolore rerum. Blanditiis quod velit quia quos sit cupiditate.', 1, '2018-02-19 03:58:09', '2018-02-19 03:58:09'),
(134, 133, 'Prof. Reese Mann', 'Explicabo est consequatur aperiam eligendi. Non illum ut in qui. Pariatur est et quo molestias asperiores nam et et. Aut et in voluptas facilis eius beatae et ratione.', 2, '2018-02-19 03:58:09', '2018-02-19 03:58:09'),
(135, 63, 'Nya Borer DDS', 'Esse aut qui numquam blanditiis. Corrupti omnis quo ad inventore nisi. Sed veniam distinctio aut rerum quis sequi tempora.', 0, '2018-02-19 03:58:09', '2018-02-19 03:58:09'),
(136, 89, 'Prof. Johnny Quitzon', 'Quaerat sed adipisci placeat dolores. Assumenda assumenda nobis voluptatem. Id sapiente aliquam recusandae ut aliquam.', 4, '2018-02-19 03:58:10', '2018-02-19 03:58:10'),
(137, 50, 'Prof. Branson Schoen', 'Eligendi alias molestias nemo quasi sed corporis. Porro vitae omnis dolorem blanditiis non dolorem. Aut tenetur iusto iusto sunt quasi libero quo. Delectus ad esse commodi labore.', 4, '2018-02-19 03:58:10', '2018-02-19 03:58:10'),
(138, 103, 'Elias Roob', 'A aliquam dolore itaque velit deleniti ab. Voluptatem sint veniam ratione. Non eos est ut tempora quisquam autem.', 1, '2018-02-19 03:58:10', '2018-02-19 03:58:10'),
(139, 24, 'Felicita Jerde PhD', 'Amet veniam eos quia deleniti. Nemo cupiditate libero beatae odio. Voluptas odio voluptatibus qui repellendus sed illum molestiae.', 5, '2018-02-19 03:58:10', '2018-02-19 03:58:10'),
(140, 65, 'Miss Kayli Hermiston', 'Et cumque soluta qui tempore quidem maxime. Architecto eum distinctio optio molestiae eos illum. Numquam accusamus suscipit ad qui quia in exercitationem. Et et animi sequi earum. Aut molestias qui sed dicta.', 0, '2018-02-19 03:58:10', '2018-02-19 03:58:10'),
(141, 28, 'Mr. Luis Emard', 'Earum sunt consequatur et. Occaecati qui voluptatum sed quia odio quo. Velit dolorum nam minus non vel.', 0, '2018-02-19 03:58:10', '2018-02-19 03:58:10'),
(142, 140, 'Casper Fahey', 'Ullam porro esse veritatis labore reprehenderit occaecati itaque. Quas dolore incidunt vel quia. Inventore id soluta ducimus hic.', 3, '2018-02-19 03:58:10', '2018-02-19 03:58:10'),
(143, 32, 'Ms. Roselyn Crist IV', 'Consectetur repellat sit amet et tenetur est qui. Ad possimus possimus inventore ea accusantium maxime earum commodi. Commodi ab ullam quo minima ut qui. Modi nihil minus provident ad sed consequuntur.', 2, '2018-02-19 03:58:10', '2018-02-19 03:58:10'),
(144, 82, 'Kattie Heller II', 'Porro quia voluptatem voluptatem nam. Nam rerum suscipit alias. Beatae autem quam temporibus dolor optio. A perferendis harum ut at maiores illum aliquid.', 0, '2018-02-19 03:58:10', '2018-02-19 03:58:10'),
(145, 119, 'Mr. Granville Balistreri', 'Corrupti itaque ut eum molestias sed aut molestias. Minima sed porro enim harum suscipit natus eligendi. Quae quisquam dolorum nulla officia. Placeat harum non accusantium earum ducimus magni qui.', 4, '2018-02-19 03:58:10', '2018-02-19 03:58:10'),
(146, 136, 'Prof. Robbie Trantow V', 'Alias reprehenderit ea impedit est numquam. Quo ex neque vero architecto dolor.', 5, '2018-02-19 03:58:10', '2018-02-19 03:58:10'),
(147, 14, 'Helen Sipes', 'Distinctio animi quia veritatis. Libero dolorum voluptas rem et esse quo magnam. Quia nihil inventore vel molestiae nemo dolor ullam omnis. Enim illo perspiciatis harum tempora provident.', 4, '2018-02-19 03:58:10', '2018-02-19 03:58:10'),
(148, 89, 'Prof. Christelle Fisher V', 'Omnis et sit ratione corrupti. Excepturi optio fugiat distinctio. Et aliquid amet ipsum possimus.', 5, '2018-02-19 03:58:10', '2018-02-19 03:58:10'),
(149, 29, 'Jakob Shields', 'Sunt sint sapiente aut omnis deserunt omnis. Ratione fugiat consequatur eligendi in quisquam. Perspiciatis cum nam harum. Doloremque corporis tenetur ut et porro.', 3, '2018-02-19 03:58:10', '2018-02-19 03:58:10'),
(150, 122, 'Dana Lindgren', 'Debitis possimus et necessitatibus libero sit odit quia. Molestias quo aut tempora odio dolore labore omnis. Aliquam quis itaque repellendus sit sint.', 5, '2018-02-19 03:58:10', '2018-02-19 03:58:10'),
(151, 126, 'Ceasar Ankunding', 'Animi animi ipsam enim vitae. Voluptates aut praesentium rerum suscipit quaerat.', 4, '2018-02-19 03:58:10', '2018-02-19 03:58:10'),
(152, 11, 'Micah Kuhic', 'Eos id dolores atque voluptatibus. Placeat consectetur quaerat officia voluptatem earum iure. Ut vel sint nam in quia illum aspernatur.', 2, '2018-02-19 03:58:10', '2018-02-19 03:58:10'),
(153, 149, 'Dr. Maribel Lang DDS', 'Eos necessitatibus sed et ipsum non architecto id ut. Neque doloribus est saepe voluptatem exercitationem et. Dicta doloribus omnis ut consequatur eligendi fuga aspernatur.', 3, '2018-02-19 03:58:10', '2018-02-19 03:58:10'),
(154, 9, 'Claudine Kutch MD', 'Fuga natus vitae qui ullam. Numquam magnam dicta perferendis molestias. Enim repudiandae rerum voluptas error repellendus voluptas mollitia. Totam sit aperiam et tenetur ipsa ut unde.', 3, '2018-02-19 03:58:10', '2018-02-19 03:58:10'),
(155, 24, 'Mr. Keyon Breitenberg DDS', 'Iste error dolor neque assumenda. Quaerat consectetur officia sequi dolorum est error. Architecto ipsa eos ea labore numquam et non voluptatem. Velit excepturi aut aut sed.', 4, '2018-02-19 03:58:10', '2018-02-19 03:58:10'),
(156, 106, 'Therese Yost', 'Et ut ducimus iure. Aut est nobis sed modi. In voluptatem sit qui nisi molestiae sit asperiores.', 0, '2018-02-19 03:58:10', '2018-02-19 03:58:10'),
(157, 138, 'Danial Quitzon', 'Alias et aut doloremque veritatis quibusdam porro. Qui qui omnis a ut. Iste quia qui quo autem modi sint iusto.', 4, '2018-02-19 03:58:11', '2018-02-19 03:58:11'),
(158, 101, 'Alfonzo Lowe', 'Rerum molestiae quis accusamus reprehenderit iusto neque dolore. Quis id ad laboriosam tenetur consequatur culpa autem expedita. Et eligendi a a.', 2, '2018-02-19 03:58:11', '2018-02-19 03:58:11'),
(159, 34, 'Prof. Keith Oberbrunner IV', 'Excepturi et quisquam nam repellat dolores consequatur ab. Ratione modi aperiam vero voluptates earum. Sed alias et facere deleniti.', 2, '2018-02-19 03:58:11', '2018-02-19 03:58:11'),
(160, 2, 'Lucie Grant', 'Qui vitae iure suscipit totam cumque non explicabo. Consequuntur molestiae quia qui. Placeat ducimus magni et excepturi voluptate omnis. Sunt accusantium iure necessitatibus rerum repudiandae sapiente ut.', 1, '2018-02-19 03:58:11', '2018-02-19 03:58:11'),
(161, 72, 'Aisha Bode', 'Harum ea harum hic dolores sint rerum. Qui minima dicta quo impedit. Rerum blanditiis laboriosam minima reprehenderit veritatis. Est et eaque magni ratione suscipit eaque deserunt tempore.', 1, '2018-02-19 03:58:11', '2018-02-19 03:58:11'),
(162, 108, 'Ruthie Kirlin', 'Atque perferendis earum dolores sed omnis nostrum. Id dolorum iure commodi omnis blanditiis ut est eum. Omnis nihil et minima et expedita est perspiciatis. Eaque inventore id voluptas qui.', 5, '2018-02-19 03:58:11', '2018-02-19 03:58:11'),
(163, 140, 'Alverta Green', 'Aut numquam laborum quia magni eum in iure. Nam adipisci sit laudantium sunt vitae. Alias optio a vitae aut aperiam est. Deserunt vitae voluptatem maxime enim.', 0, '2018-02-19 03:58:11', '2018-02-19 03:58:11'),
(164, 110, 'Liana O\'Hara IV', 'Natus distinctio consequuntur est delectus dolorem corporis ipsam. Eum rem vero aut vitae ea qui ut. Nam quia dolor sint et nobis debitis. Est odio debitis vitae totam laboriosam et.', 3, '2018-02-19 03:58:11', '2018-02-19 03:58:11'),
(165, 71, 'Otto Kassulke', 'Occaecati et atque saepe odio. Quis numquam omnis iste blanditiis. Aspernatur accusantium provident esse dignissimos autem assumenda at nesciunt. Ab impedit et omnis accusamus.', 0, '2018-02-19 03:58:11', '2018-02-19 03:58:11'),
(166, 27, 'Elroy Padberg V', 'Nisi nemo sit ut dolores voluptatum dolores repellat. Consequatur totam aut facere unde harum temporibus. Accusantium mollitia qui ut voluptas quo. Eveniet aut voluptatem laudantium recusandae qui sed qui.', 2, '2018-02-19 03:58:11', '2018-02-19 03:58:11'),
(167, 51, 'Imani Mohr', 'Quis saepe id reprehenderit. Voluptates aliquam dolor ut non aut corrupti voluptates. Eos sed possimus optio voluptatibus quas velit officia.', 3, '2018-02-19 03:58:11', '2018-02-19 03:58:11'),
(168, 135, 'General Pfeffer', 'Occaecati nobis incidunt perspiciatis. Recusandae qui cum sit. Laborum vero facilis ad distinctio dolor.', 1, '2018-02-19 03:58:11', '2018-02-19 03:58:11'),
(169, 66, 'Kiley Becker', 'Id et et perferendis voluptas ad est ea vero. Assumenda dolor modi architecto et est voluptates. Quis vel et aliquid exercitationem. Sequi corrupti maxime numquam.', 4, '2018-02-19 03:58:11', '2018-02-19 03:58:11'),
(170, 16, 'Giovanna Rogahn PhD', 'Esse voluptas voluptatem magni ut sint quis. Deleniti quam minus blanditiis quo. Incidunt commodi dolore enim ut et ut et officiis.', 4, '2018-02-19 03:58:11', '2018-02-19 03:58:11'),
(171, 88, 'Mr. Deonte Boyle', 'Qui harum animi cupiditate assumenda sapiente non itaque. Rerum est esse consequuntur itaque sint aliquam reiciendis. Inventore voluptas unde voluptates voluptas cupiditate et ducimus.', 1, '2018-02-19 03:58:11', '2018-02-19 03:58:11'),
(172, 40, 'Dixie Prosacco', 'Molestiae voluptas officiis tempora a qui voluptas nihil. Accusamus nemo alias molestiae nesciunt excepturi et. Ut placeat autem placeat facilis et rerum expedita. Quis neque ipsum asperiores voluptas.', 0, '2018-02-19 03:58:11', '2018-02-19 03:58:11'),
(173, 120, 'Kale Schamberger II', 'Vero et at exercitationem molestias tempore. Dolorem totam magni quis aut culpa placeat. Ipsum hic nihil consectetur atque qui.', 5, '2018-02-19 03:58:11', '2018-02-19 03:58:11'),
(174, 52, 'Talia Cassin IV', 'Et omnis laborum inventore molestias asperiores commodi et. Voluptatibus consequatur et consequatur consequatur perspiciatis fugiat nihil. Nihil maxime et quis vel aut aut.', 5, '2018-02-19 03:58:11', '2018-02-19 03:58:11'),
(175, 54, 'Christina Lynch', 'Harum qui architecto facere nihil dolores. Quia laborum minus nisi sed mollitia beatae.', 4, '2018-02-19 03:58:11', '2018-02-19 03:58:11'),
(176, 105, 'Audra Robel', 'Nisi qui quaerat unde hic. Perspiciatis velit maiores ut et architecto.', 5, '2018-02-19 03:58:11', '2018-02-19 03:58:11'),
(177, 99, 'Mr. Dillon Kulas III', 'Vero odit in ea incidunt ut. Aut recusandae perspiciatis mollitia vitae iste aspernatur. Quis voluptate vitae sequi aut.', 2, '2018-02-19 03:58:12', '2018-02-19 03:58:12'),
(178, 23, 'Bernardo Schowalter', 'Quis voluptate rerum eum aut minus corrupti. Molestiae dolore nesciunt minima impedit temporibus placeat.', 1, '2018-02-19 03:58:12', '2018-02-19 03:58:12'),
(179, 52, 'Dr. Jerrell Trantow I', 'Quo eum cumque sed voluptate architecto. Nesciunt commodi dicta similique sit quia ut est. Nostrum ut tempore ipsum doloribus quisquam sit alias.', 0, '2018-02-19 03:58:12', '2018-02-19 03:58:12'),
(180, 121, 'Ida Krajcik', 'Et et optio dolores similique esse. Omnis autem quae aut magni rerum porro sed. Sit qui et architecto libero velit nostrum dicta nesciunt. Saepe voluptatibus consequatur velit et consequuntur nemo.', 5, '2018-02-19 03:58:12', '2018-02-19 03:58:12'),
(181, 85, 'Foster Jacobs', 'Et debitis et aperiam dicta tempora assumenda iusto. Molestiae veritatis et praesentium est. Enim ex quia blanditiis distinctio quo.', 4, '2018-02-19 03:58:12', '2018-02-19 03:58:12'),
(182, 91, 'Erika Goldner', 'Quis occaecati dolorem iure et. Libero voluptates et alias modi eum omnis eum. Magni consequatur beatae id. Ad non magnam necessitatibus recusandae aspernatur dolore.', 1, '2018-02-19 03:58:12', '2018-02-19 03:58:12'),
(183, 21, 'Prof. Saige Skiles DDS', 'In dolorem eveniet molestias voluptas in dolorum perferendis. Consequatur blanditiis iste odit sed impedit voluptates at. Qui ex voluptatem nulla.', 4, '2018-02-19 03:58:12', '2018-02-19 03:58:12'),
(184, 124, 'Ubaldo Steuber', 'Tempora possimus enim et ipsa eos placeat fuga. Illo repellat deleniti fugiat quasi repellendus molestias fuga excepturi. Omnis sit qui quae modi.', 4, '2018-02-19 03:58:12', '2018-02-19 03:58:12'),
(185, 88, 'Darryl Kshlerin', 'Sint ut sit nisi ducimus. Quia ea quos omnis a. Laboriosam reiciendis debitis ipsum et odit. Odio dolor aliquid delectus modi voluptatem quia sunt.', 0, '2018-02-19 03:58:12', '2018-02-19 03:58:12'),
(186, 97, 'Dr. Lula Durgan IV', 'Omnis voluptatem rem et numquam. Doloribus quis voluptate ut fugiat et.', 4, '2018-02-19 03:58:12', '2018-02-19 03:58:12'),
(187, 23, 'Freeda Volkman', 'Magni eveniet qui deserunt et labore suscipit provident expedita. Dolorem atque cumque voluptatem veritatis. Aut accusamus qui omnis voluptatum.', 5, '2018-02-19 03:58:12', '2018-02-19 03:58:12'),
(188, 129, 'Orrin Pfeffer', 'Aspernatur dolores et aperiam quia dolore fugit dolorem. Enim possimus aperiam voluptatem molestias laboriosam. Cupiditate et qui illum voluptas et rerum. Non itaque voluptas nam qui sunt ducimus.', 1, '2018-02-19 03:58:12', '2018-02-19 03:58:12'),
(189, 30, 'Velda Franecki', 'Inventore et repellendus iusto in maiores. Eveniet accusantium unde ipsum voluptatem quae. Doloremque omnis aliquid dolorem dolores sequi ipsum sed.', 0, '2018-02-19 03:58:12', '2018-02-19 03:58:12'),
(190, 106, 'Ms. Shany Huel DDS', 'Ea pariatur molestias vero vel. Consequuntur dolores nulla id est sed dignissimos impedit. Id fuga libero est quia dignissimos dolor.', 2, '2018-02-19 03:58:12', '2018-02-19 03:58:12'),
(191, 80, 'Alison Dietrich', 'Vel ad inventore vel architecto. Perferendis aut alias minima error nostrum quas. Reprehenderit repellendus aut nesciunt.', 0, '2018-02-19 03:58:12', '2018-02-19 03:58:12'),
(192, 131, 'Peggie Haag', 'Iste culpa non nihil harum ut veritatis pariatur. Dolores perspiciatis nostrum quam reiciendis labore facilis. At aliquam tempora cum dolor itaque.', 4, '2018-02-19 03:58:12', '2018-02-19 03:58:12'),
(193, 100, 'Mariam Davis DDS', 'Hic reiciendis vero quis. Odio voluptas qui sapiente dolores. Rerum et maiores consectetur ullam porro. Nesciunt est distinctio fugit voluptatem.', 3, '2018-02-19 03:58:12', '2018-02-19 03:58:12'),
(194, 90, 'Martine Nikolaus', 'Mollitia dolorem animi sed ad ratione temporibus. Sunt et perferendis ut itaque cum. Reprehenderit asperiores suscipit quis aut quidem. Aut commodi quia distinctio iure quas repellendus.', 3, '2018-02-19 03:58:12', '2018-02-19 03:58:12'),
(195, 132, 'Clarabelle Harber', 'Id molestias animi occaecati consequatur dolore similique. Molestiae impedit eveniet et accusamus numquam quis. Quis ut odit quos maxime dolores cumque sint aut.', 2, '2018-02-19 03:58:12', '2018-02-19 03:58:12'),
(196, 24, 'Miss Jailyn Bartoletti', 'Ea consequatur omnis neque dolorem nulla rerum similique. Adipisci molestiae enim at sapiente. Nihil dicta nisi est rerum voluptas.', 1, '2018-02-19 03:58:12', '2018-02-19 03:58:12'),
(197, 33, 'Prof. Angelita Heidenreich', 'Quod eligendi incidunt nobis. Iusto aut cum explicabo ad dolor. A vitae aliquid et repellat repellat quis.', 2, '2018-02-19 03:58:12', '2018-02-19 03:58:12'),
(198, 147, 'Lorenza Ryan I', 'Qui assumenda veniam et earum debitis. Dolorem molestias eos necessitatibus adipisci unde explicabo deleniti. Asperiores ducimus maiores cupiditate adipisci dolore itaque dolor.', 1, '2018-02-19 03:58:12', '2018-02-19 03:58:12'),
(199, 94, 'Magnus Cole', 'Nulla omnis architecto ipsum ut. Culpa odit dolorem et sit. Eligendi nobis doloremque non et.', 3, '2018-02-19 03:58:12', '2018-02-19 03:58:12'),
(200, 127, 'Mrs. Emelia McDermott', 'Adipisci fugit dolor iure accusantium eum. Repellat veritatis similique vero totam fugiat voluptas eum.', 4, '2018-02-19 03:58:12', '2018-02-19 03:58:12'),
(201, 73, 'Ardith Parker IV', 'Mollitia voluptas velit occaecati saepe. Saepe aut numquam aut exercitationem fugit voluptatem. Est non alias similique repellat laborum iure est. Commodi voluptates sunt officiis veniam temporibus.', 3, '2018-02-19 03:58:13', '2018-02-19 03:58:13'),
(202, 11, 'Mrs. Liana Ruecker', 'Necessitatibus excepturi ut magni reprehenderit quod quo dolorem. Consequuntur et et dolorum et quaerat esse autem. Et tempore quia soluta aut. Ut voluptas sit aliquid est.', 1, '2018-02-19 03:58:13', '2018-02-19 03:58:13'),
(203, 15, 'Shawn Krajcik II', 'Numquam dicta suscipit est consequuntur. Voluptatem voluptatem quis omnis dolores aut quasi. Repellendus necessitatibus expedita id enim ea.', 3, '2018-02-19 03:58:13', '2018-02-19 03:58:13'),
(204, 77, 'Ms. America Hettinger', 'Quibusdam velit dicta quis. Autem consequatur asperiores modi quis qui ipsa consequatur iusto. Omnis eligendi rerum ut cum ducimus vel.', 3, '2018-02-19 03:58:13', '2018-02-19 03:58:13'),
(205, 119, 'Dr. Jennie Zulauf', 'Accusamus enim doloremque aliquid voluptas voluptas tempore repellat dolor. Occaecati est atque distinctio. Sequi in ea similique aspernatur asperiores.', 0, '2018-02-19 03:58:13', '2018-02-19 03:58:13'),
(206, 9, 'Michele Armstrong MD', 'Repellat aut nesciunt eaque dignissimos non. Est aliquam asperiores voluptate maiores suscipit voluptatem. Qui sint laudantium ad minus.', 4, '2018-02-19 03:58:13', '2018-02-19 03:58:13'),
(207, 41, 'Kiel Berge', 'Consequatur voluptate corporis ullam a. Sint nisi mollitia blanditiis. Dolorem id praesentium nostrum repellendus aut. Dolorum illo laboriosam ut quasi ea.', 3, '2018-02-19 03:58:13', '2018-02-19 03:58:13'),
(208, 125, 'Susan McLaughlin', 'Illum consequatur rerum et sunt debitis dignissimos possimus. Qui et quisquam hic est eveniet consequatur. Non eaque adipisci aut beatae cumque tempore. Qui error voluptas eaque consequatur at officia sint.', 5, '2018-02-19 03:58:13', '2018-02-19 03:58:13'),
(209, 112, 'Carissa Kohler', 'Omnis assumenda quo molestiae animi laudantium. Laborum ipsum in accusamus dolores illum. Molestiae nihil et similique debitis et exercitationem illo voluptatem.', 2, '2018-02-19 03:58:13', '2018-02-19 03:58:13'),
(210, 43, 'Mrs. Felicita Upton', 'Consectetur eum quod et ipsam sit. Maxime soluta rerum et consequuntur vel. Nam ut est cumque temporibus sit atque cupiditate. Aspernatur soluta eligendi in deleniti.', 3, '2018-02-19 03:58:13', '2018-02-19 03:58:13');
INSERT INTO `reviews` (`id`, `product_id`, `customer`, `review`, `star`, `created_at`, `updated_at`) VALUES
(211, 145, 'Jedidiah Schoen V', 'Eos officia sed error temporibus dolores. Modi quae tempora perspiciatis. Earum quis minus dolores. Facere recusandae perferendis ut officia temporibus nihil labore commodi. Ullam reprehenderit occaecati non et eaque unde.', 0, '2018-02-19 03:58:13', '2018-02-19 03:58:13'),
(212, 43, 'Miguel West I', 'Odit quod veniam aperiam voluptas. Facere omnis sunt eaque ab voluptatum. Ab quo quidem at facilis unde laudantium nihil.', 3, '2018-02-19 03:58:13', '2018-02-19 03:58:13'),
(213, 124, 'Isac Upton', 'Recusandae voluptatem consequatur sequi non repellendus voluptates. Distinctio quia ullam officiis deserunt ex velit.', 5, '2018-02-19 03:58:13', '2018-02-19 03:58:13'),
(214, 103, 'Astrid Wintheiser', 'Quod qui ad reiciendis quia expedita. Non omnis reprehenderit inventore dolore accusamus. Quia provident error quidem aperiam aliquam non doloribus. Iure eos id corporis esse at sunt est.', 2, '2018-02-19 03:58:13', '2018-02-19 03:58:13'),
(215, 129, 'Daryl Botsford', 'Accusamus explicabo assumenda dolorem eos. Voluptas quis quas qui dolor et minus ut. Quo sunt officia aperiam qui ipsa. Nam in et quo omnis. Enim temporibus perferendis facere deleniti illo soluta inventore.', 4, '2018-02-19 03:58:13', '2018-02-19 03:58:13'),
(216, 12, 'Mrs. Heidi Leuschke MD', 'Sed enim id eos. Atque culpa aliquam voluptatem qui qui molestias veritatis. Ipsum corrupti fugiat dolores eaque sit. Quod a provident molestiae velit dicta voluptatibus error.', 1, '2018-02-19 03:58:13', '2018-02-19 03:58:13'),
(217, 74, 'Russell Howell', 'Voluptatem et temporibus commodi pariatur fugiat quia aut. Voluptatibus deleniti voluptatem odio ut enim nostrum. Mollitia harum amet quo ex tenetur veniam. Laborum quam reprehenderit vel dolor est. Sed qui consequatur ipsum dolor aut a tempora quos.', 0, '2018-02-19 03:58:13', '2018-02-19 03:58:13'),
(218, 12, 'Mallory Becker', 'Voluptate voluptas officiis consectetur in dolor. Et accusamus quis deleniti velit nihil aut. Non quasi ex doloribus quam corrupti ut officia illo. Voluptate dolores deserunt culpa quam dolorem.', 0, '2018-02-19 03:58:13', '2018-02-19 03:58:13'),
(219, 81, 'Mr. Emmet Stiedemann MD', 'Exercitationem doloribus cum fuga quia animi magnam eos tempora. Velit nemo quo rerum quaerat aut. Ullam porro sit perferendis est temporibus enim.', 0, '2018-02-19 03:58:13', '2018-02-19 03:58:13'),
(220, 17, 'Hattie Kuhn', 'Quia eveniet voluptas explicabo libero rem perferendis. Voluptatem voluptas error quia corporis earum deserunt. Reprehenderit aut cum dolor deserunt.', 2, '2018-02-19 03:58:13', '2018-02-19 03:58:13'),
(221, 33, 'Prof. Doug Bins', 'Molestiae dolores aut impedit quos. Est rerum magnam necessitatibus necessitatibus est excepturi quia rerum. Et dolore eaque dignissimos quia inventore odio adipisci.', 1, '2018-02-19 03:58:14', '2018-02-19 03:58:14'),
(222, 113, 'Mr. Troy Cormier', 'Alias occaecati quaerat et sint possimus asperiores. Quidem animi quod voluptatem et sed ex quidem. Quam rerum porro ut voluptas dolor doloremque eveniet.', 0, '2018-02-19 03:58:14', '2018-02-19 03:58:14'),
(223, 72, 'Spencer Oberbrunner Sr.', 'Eaque numquam ad blanditiis nobis blanditiis quia soluta tenetur. Soluta fugit ut nihil asperiores. Expedita laboriosam ea libero qui sapiente. Doloribus nostrum deserunt omnis ad et neque sed. Qui molestias maxime tempore laborum.', 3, '2018-02-19 03:58:14', '2018-02-19 03:58:14'),
(224, 127, 'Dr. Walker Kovacek', 'Perferendis non sequi saepe ea sit blanditiis cumque asperiores. Mollitia illum sed architecto autem aperiam. Deleniti ab vitae sed. Assumenda et et velit dicta quia.', 3, '2018-02-19 03:58:14', '2018-02-19 03:58:14'),
(225, 68, 'Maximillian Stark', 'Architecto dolore exercitationem autem ipsam at quidem voluptatem qui. Est eum aut omnis. Vel consequatur laudantium blanditiis et in reiciendis. Necessitatibus quasi corporis minima architecto alias eos sit delectus. Est magnam qui qui excepturi.', 2, '2018-02-19 03:58:14', '2018-02-19 03:58:14'),
(226, 52, 'Arthur Hills', 'Soluta magnam qui repellat sint quis nobis sint. Rerum eligendi eius molestiae sequi. Sed alias alias officia laboriosam rerum. Occaecati aut corporis voluptatem quo voluptatum voluptate.', 2, '2018-02-19 03:58:14', '2018-02-19 03:58:14'),
(227, 139, 'Chasity Bernhard', 'Repudiandae aut consequatur debitis aut quis nostrum iure. Temporibus et similique deleniti voluptas. Aut sequi officiis autem provident ut dolor accusantium enim. Et facere atque similique nisi atque velit dolorum.', 1, '2018-02-19 03:58:14', '2018-02-19 03:58:14'),
(228, 103, 'Reuben Kozey', 'Modi aut consequatur est quasi consequuntur commodi. Cum magni facilis dolor id sit eum temporibus. Tempore ipsam delectus aut consequuntur quisquam accusamus est. Eligendi fuga dolores eum eum id quaerat.', 5, '2018-02-19 03:58:14', '2018-02-19 03:58:14'),
(229, 105, 'Prof. Arvid Connelly', 'Ratione amet quos quia a. Dicta sint autem mollitia maiores et numquam neque. Consequatur ab quae totam modi dolor ut.', 1, '2018-02-19 03:58:14', '2018-02-19 03:58:14'),
(230, 69, 'Kathleen Denesik', 'Saepe quod dicta aliquam culpa sit quasi dolore. Harum autem eius ut ipsam unde consequatur. Fugiat consequatur quos tenetur blanditiis unde nihil.', 4, '2018-02-19 03:58:14', '2018-02-19 03:58:14'),
(231, 113, 'Dr. Kimberly Waters III', 'Optio et ab et voluptatibus asperiores saepe. Dolor unde officia eius suscipit et earum consequuntur. Non debitis ab enim architecto dolorum eius. Aperiam illum laudantium quia.', 5, '2018-02-19 03:58:14', '2018-02-19 03:58:14'),
(232, 103, 'Emilie Goyette', 'Id est praesentium autem reiciendis. Est accusamus similique voluptatem labore reiciendis reiciendis sapiente. Aliquid mollitia et aut occaecati accusamus. Alias qui voluptate aut aut sunt. Deleniti facere culpa ut ullam commodi nam praesentium.', 3, '2018-02-19 03:58:14', '2018-02-19 03:58:14'),
(233, 53, 'Dr. Danika Hilpert DDS', 'Quia impedit nulla est dicta. Magnam adipisci est facere occaecati repellat qui. Soluta repudiandae enim illo. Aperiam omnis quo iusto sunt.', 2, '2018-02-19 03:58:14', '2018-02-19 03:58:14'),
(234, 17, 'Mr. Laverna Jakubowski', 'Nostrum error quo modi aliquid. Enim et provident velit velit blanditiis officiis. Et quis voluptatem eius numquam accusantium. Esse saepe fuga sequi.', 5, '2018-02-19 03:58:14', '2018-02-19 03:58:14'),
(235, 44, 'Rylee Parisian', 'Possimus nemo voluptatem est. Error possimus alias et.', 1, '2018-02-19 03:58:14', '2018-02-19 03:58:14'),
(236, 91, 'Hettie Champlin I', 'Maxime dolorem ipsa rerum alias. Rem quibusdam consequatur repellat excepturi.', 0, '2018-02-19 03:58:14', '2018-02-19 03:58:14'),
(237, 63, 'Nellie Hackett', 'Hic est qui nulla officia iste et dolor. Corrupti sed consequatur aut quis et doloribus. Consectetur et sequi odit aut.', 4, '2018-02-19 03:58:14', '2018-02-19 03:58:14'),
(238, 54, 'Dr. Timmy Graham', 'Labore quas voluptas temporibus alias. Odio ullam quo vitae pariatur. Aspernatur eos aut iste itaque et repellendus nisi.', 1, '2018-02-19 03:58:14', '2018-02-19 03:58:14'),
(239, 141, 'Dr. Cloyd Rice', 'Facilis quas quod id repudiandae. Aut nisi voluptas facere quia quam est deleniti necessitatibus. Placeat harum dolorum voluptas magnam natus.', 2, '2018-02-19 03:58:14', '2018-02-19 03:58:14'),
(240, 73, 'Rudolph Wiza III', 'Excepturi hic sunt quo. Ipsum tempora omnis animi quo. Quos in provident deleniti dolor dolorem ut aspernatur. Architecto in autem maiores quam qui magni tenetur.', 4, '2018-02-19 03:58:14', '2018-02-19 03:58:14'),
(241, 145, 'Jalon Klein', 'Consequuntur ut impedit consequatur repellendus. In optio delectus atque illum. Magni ea veritatis eos doloribus voluptatem amet.', 5, '2018-02-19 03:58:15', '2018-02-19 03:58:15'),
(242, 95, 'Esta Nienow', 'Sit sapiente qui et. Consequatur voluptatum veniam eveniet non maxime autem laudantium. Veritatis omnis dolores doloribus ut dicta atque ea aut.', 0, '2018-02-19 03:58:15', '2018-02-19 03:58:15'),
(243, 132, 'Dr. Frederique Fay II', 'Illo fuga non consectetur aut. Aut eos a autem facere et labore culpa. Sed temporibus qui qui id molestiae dolores. Nobis aliquid aliquid ut voluptatem et.', 4, '2018-02-19 03:58:15', '2018-02-19 03:58:15'),
(244, 30, 'Lenore Kunde DDS', 'Commodi optio a dolore doloremque nobis. Et quis omnis doloremque in rerum. Rerum quia modi nulla et quis. Amet aut maxime nam autem.', 4, '2018-02-19 03:58:15', '2018-02-19 03:58:15'),
(245, 1, 'Derrick Casper DDS', 'Quo explicabo ipsum odio sint libero totam. Sit ea beatae et maxime amet. Eveniet minima officia provident ut maxime possimus et.', 4, '2018-02-19 03:58:15', '2018-02-19 03:58:15'),
(246, 19, 'Ms. Eda DuBuque', 'Dolorem ullam nesciunt excepturi dicta. Reprehenderit alias explicabo et voluptate ut voluptatem. Impedit sunt consequatur vel alias eum ipsam vel aliquam.', 4, '2018-02-19 03:58:15', '2018-02-19 03:58:15'),
(247, 6, 'Breana Littel', 'Est odit et et voluptas in ab. Enim dolor tenetur ea id dolore inventore soluta. Voluptas dolore libero dolores quas odit non harum. Cupiditate dolore nam impedit asperiores quo.', 0, '2018-02-19 03:58:15', '2018-02-19 03:58:15'),
(248, 1, 'Vilma Moore', 'Enim rem occaecati qui ipsum qui. Error velit mollitia rerum perferendis porro. Ut enim vel non non est maiores est.', 4, '2018-02-19 03:58:15', '2018-02-19 03:58:15'),
(249, 79, 'Glen Gutkowski', 'Est molestias repudiandae dolorem et qui ut facere. Quos dolor officia voluptatem voluptatem totam illo. Et ratione rerum voluptates ad voluptatem sunt alias aut.', 4, '2018-02-19 03:58:15', '2018-02-19 03:58:15'),
(250, 80, 'Lilly Kshlerin PhD', 'Aut fugiat nihil quia nostrum. Ea pariatur et ipsa numquam.', 5, '2018-02-19 03:58:15', '2018-02-19 03:58:15'),
(251, 75, 'Laurie Mills DDS', 'Mollitia nemo velit sint aliquid fugit aliquid quam. Voluptas laudantium assumenda enim nemo minus. Animi quas officia illo optio ut est. Dolor et assumenda dolor a ratione suscipit officia alias.', 2, '2018-02-19 03:58:15', '2018-02-19 03:58:15'),
(252, 54, 'Cecilia Boyle', 'Eveniet natus quidem optio consequatur est minus quibusdam. Error qui tempora aut minima odit suscipit. Quod qui nisi neque. Excepturi non et eaque sed et.', 3, '2018-02-19 03:58:15', '2018-02-19 03:58:15'),
(253, 38, 'Ulices Ernser', 'Quam quaerat aut sequi enim molestiae voluptate maiores. Eos ut mollitia reprehenderit et cupiditate. Hic harum qui eos. Magnam quae accusantium fugiat exercitationem in quo omnis sit.', 4, '2018-02-19 03:58:15', '2018-02-19 03:58:15'),
(254, 77, 'Jeff Feest DDS', 'Fugit similique molestias consequatur aut autem quaerat fugit. Adipisci non ex autem consequatur molestiae. Fuga dicta veniam fugit consectetur qui.', 0, '2018-02-19 03:58:15', '2018-02-19 03:58:15'),
(255, 16, 'Roma Buckridge', 'Et enim iste laudantium sed architecto. Aut maxime magni saepe sequi ut perspiciatis. Inventore id omnis aperiam vel voluptas delectus est.', 2, '2018-02-19 03:58:15', '2018-02-19 03:58:15'),
(256, 74, 'Prof. Caleb Funk III', 'Voluptas quasi enim nisi fugit aut magnam. Qui perspiciatis eos molestiae aliquam. Aut molestiae ea occaecati et sed occaecati. Et qui quis perspiciatis.', 3, '2018-02-19 03:58:15', '2018-02-19 03:58:15'),
(257, 93, 'Ms. Billie Mante DVM', 'Consectetur consequatur et et earum. Voluptas qui id qui sed. Quibusdam consectetur ut velit quod minima eos ea.', 5, '2018-02-19 03:58:15', '2018-02-19 03:58:15'),
(258, 106, 'Ayana Parker', 'Aut sequi iure id sint. Et consequatur blanditiis nisi aliquam quod deserunt molestiae. Esse dolore sit perspiciatis natus.', 0, '2018-02-19 03:58:15', '2018-02-19 03:58:15'),
(259, 28, 'Lizzie Nolan PhD', 'Quia et dolor natus ipsum. Consequatur corrupti error necessitatibus tenetur incidunt et libero. Et sit ea harum maxime. Error molestiae vitae at tempora velit.', 3, '2018-02-19 03:58:15', '2018-02-19 03:58:15'),
(260, 3, 'Rod Miller', 'Voluptatibus illo officia ex repellat quam totam at. Suscipit et soluta velit quam nulla est vitae. Enim tenetur atque alias est incidunt debitis. Sunt unde molestiae odit earum. Voluptatibus nihil deleniti voluptatibus omnis reiciendis.', 0, '2018-02-19 03:58:15', '2018-02-19 03:58:15'),
(261, 21, 'Vincent Conn', 'Aliquam accusantium saepe nihil eos sit. Perspiciatis nulla sit expedita quidem accusantium ut. Porro rerum nisi nobis qui doloremque. Vel ut sed doloremque soluta et qui enim ratione.', 3, '2018-02-19 03:58:15', '2018-02-19 03:58:15'),
(262, 142, 'Elna Lueilwitz III', 'Facere consequatur magni eaque explicabo adipisci molestiae iusto. Id doloremque et et aut et omnis enim.', 3, '2018-02-19 03:58:16', '2018-02-19 03:58:16'),
(263, 124, 'Mrs. Danika Fahey MD', 'Rerum autem nisi fugit nihil magni in. Voluptas rerum laudantium modi accusamus voluptas. Est perspiciatis molestias officia sit et fuga.', 1, '2018-02-19 03:58:16', '2018-02-19 03:58:16'),
(264, 71, 'Mrs. Willow Boyer DVM', 'Aliquid facilis blanditiis hic qui molestiae. Similique accusantium et id. Vel cum rerum tempora amet facilis. Dolorem occaecati consectetur deserunt sit possimus est ullam velit. Autem ut dolores quia voluptatem dolor qui facere.', 4, '2018-02-19 03:58:16', '2018-02-19 03:58:16'),
(265, 126, 'Jordyn Koelpin', 'Nemo dolorum fugit dolorum quo assumenda. Ut quae rem sunt alias veritatis dicta.', 4, '2018-02-19 03:58:16', '2018-02-19 03:58:16'),
(266, 91, 'Dedrick Quigley', 'Pariatur aperiam sit quasi reiciendis veniam alias. Quisquam non qui quod.', 4, '2018-02-19 03:58:16', '2018-02-19 03:58:16'),
(267, 23, 'Marjorie Murphy', 'Voluptatem maxime explicabo quo non pariatur. Dolores accusantium et velit atque minima.', 2, '2018-02-19 03:58:16', '2018-02-19 03:58:16'),
(268, 102, 'Mr. Peter Mills V', 'Perspiciatis tempora nostrum consequatur ut et. Vel natus dolorem recusandae vel. Voluptatem quibusdam esse ea velit soluta laudantium.', 0, '2018-02-19 03:58:16', '2018-02-19 03:58:16'),
(269, 63, 'Dr. Jeff Donnelly', 'Et vitae consequatur natus repudiandae qui est. Voluptas qui fuga voluptas magni quis. Voluptas sit doloribus occaecati voluptatibus aperiam libero nam eos. Nam eum mollitia perferendis reprehenderit voluptates exercitationem. Molestiae et et explicabo et ut.', 2, '2018-02-19 03:58:16', '2018-02-19 03:58:16'),
(270, 65, 'Miss Deborah Collins IV', 'Reiciendis fugiat nulla nisi impedit ut dolores velit. Voluptatum qui recusandae qui ut. Inventore qui nihil et voluptates vel.', 5, '2018-02-19 03:58:16', '2018-02-19 03:58:16'),
(271, 92, 'Boyd Kreiger', 'Vitae ipsa corporis sit accusamus ut. Earum nihil iure qui aliquam. Molestiae autem fugiat cum enim illum. Vitae ut ea perferendis eaque. Suscipit et et fugit iste commodi eius.', 2, '2018-02-19 03:58:16', '2018-02-19 03:58:16'),
(272, 76, 'Prof. Casey Feil', 'Nostrum dolor aut ducimus laboriosam quidem et. Quisquam iusto optio ab. Fuga quia et inventore ut consequatur esse.', 3, '2018-02-19 03:58:16', '2018-02-19 03:58:16'),
(273, 5, 'Bernadette Metz', 'Atque deleniti voluptate voluptas est est sint et ut. Non officia pariatur sint quisquam. Voluptatem aut optio nesciunt culpa eaque.', 1, '2018-02-19 03:58:16', '2018-02-19 03:58:16'),
(274, 11, 'Denis Collier', 'Ducimus numquam deleniti dolorem ut voluptatum incidunt quo. Et officiis nihil dolorem magni voluptate similique esse. Esse alias id sed iste.', 2, '2018-02-19 03:58:16', '2018-02-19 03:58:16'),
(275, 7, 'Ole Hilpert', 'Sit nemo distinctio nostrum aut porro et nesciunt. Rerum recusandae quaerat ut atque accusamus consequuntur corrupti. Qui ducimus omnis beatae voluptatem rerum hic.', 5, '2018-02-19 03:58:16', '2018-02-19 03:58:16'),
(276, 140, 'Dr. Buster Will', 'Quaerat aut magnam sint nemo animi excepturi. Natus dolorem aut laborum corporis quasi. Debitis exercitationem architecto esse praesentium.', 1, '2018-02-19 03:58:16', '2018-02-19 03:58:16'),
(277, 33, 'Mrs. Laurie Goyette II', 'Architecto libero magni eveniet ut ullam nulla accusamus. Rerum vel sed aut doloremque laborum et. Excepturi ut est sunt. Ea et minus occaecati.', 5, '2018-02-19 03:58:16', '2018-02-19 03:58:16'),
(278, 58, 'Nova Cole', 'Sint consequatur vitae cupiditate eligendi magni necessitatibus voluptatem. Aspernatur repellendus excepturi excepturi deserunt. Vitae aliquid provident mollitia omnis minus sunt. Assumenda et tenetur magnam consequatur consequatur.', 5, '2018-02-19 03:58:16', '2018-02-19 03:58:16'),
(279, 127, 'Dr. Fausto Carter', 'Qui porro culpa excepturi consequuntur in officia molestiae. Dicta ducimus hic totam exercitationem voluptatibus. Quod sit ut repudiandae labore.', 1, '2018-02-19 03:58:16', '2018-02-19 03:58:16'),
(280, 141, 'Allen Greenfelder', 'Odit qui omnis mollitia consequatur dolor nemo aut impedit. Vero eos sit consequatur vel voluptates sed voluptatem. Tenetur perferendis nobis voluptatem nulla. Quibusdam eum qui ut nemo qui nam laborum.', 1, '2018-02-19 03:58:16', '2018-02-19 03:58:16'),
(281, 51, 'Jennings Schmeler', 'Et facere eveniet blanditiis quia ea et ut est. Voluptatem est qui praesentium ducimus pariatur consequatur. Quis repellendus quia eaque ea culpa explicabo laborum. Cumque et non aut voluptatem sed.', 1, '2018-02-19 03:58:16', '2018-02-19 03:58:16'),
(282, 95, 'Miss Earlene Brown', 'Officia consequatur tenetur iste. Et magni veniam dignissimos sunt.', 2, '2018-02-19 03:58:16', '2018-02-19 03:58:16'),
(283, 81, 'Lottie Kassulke', 'Ullam voluptate veniam impedit aut. Dolore blanditiis est voluptatem sunt quo suscipit. Velit porro quo error molestiae quaerat voluptatum earum. Labore tempore omnis nihil soluta.', 3, '2018-02-19 03:58:16', '2018-02-19 03:58:16'),
(284, 47, 'Bulah Lesch', 'Dolor rem aut quas ea quos. Vel libero tempore cupiditate tempore. Assumenda doloribus ex veniam nemo molestiae.', 0, '2018-02-19 03:58:16', '2018-02-19 03:58:16'),
(285, 9, 'Ruth Collins', 'Optio ab asperiores aspernatur dolor atque eaque. Eos quam quidem architecto dignissimos odit impedit. Et quas eaque ducimus nostrum ut ex porro. Et eveniet doloribus unde consectetur ullam. Blanditiis ducimus tempore quo perferendis at.', 2, '2018-02-19 03:58:17', '2018-02-19 03:58:17'),
(286, 132, 'Verlie Legros', 'Dicta et sunt in ipsa. Autem et dicta temporibus omnis non saepe illum. Culpa corporis id deleniti voluptas.', 0, '2018-02-19 03:58:17', '2018-02-19 03:58:17'),
(287, 38, 'Jettie Ryan', 'Debitis consequatur accusantium sunt similique necessitatibus in dolorem. Non nihil eaque rerum facere. Magni officia repellat rerum harum nemo cupiditate ipsam. Id eos non maiores nemo amet placeat ut.', 3, '2018-02-19 03:58:17', '2018-02-19 03:58:17'),
(288, 30, 'Prof. Danny Johns', 'Molestias provident quos minus nemo voluptatum perspiciatis consequatur. Earum voluptatem temporibus consequatur itaque et. Omnis laborum ipsa sunt id voluptatibus et quia. Ipsum et suscipit et rem. Itaque tempore illo omnis et eius quam.', 4, '2018-02-19 03:58:17', '2018-02-19 03:58:17'),
(289, 101, 'Ms. Ila Schulist V', 'Autem nulla neque vel ex nihil accusamus adipisci. Rem quam voluptatem maiores est laudantium quaerat earum atque. Nisi in aut dolorum explicabo. Temporibus delectus occaecati officia rerum.', 0, '2018-02-19 03:58:17', '2018-02-19 03:58:17'),
(290, 24, 'Herta Hahn PhD', 'Pariatur repellendus ipsum voluptas delectus dicta voluptas quia. Sed ut dolores voluptates quisquam quo laboriosam a. Pariatur ad provident est ut odio et. Iste sed est quisquam repellendus. Nihil atque doloremque perferendis mollitia.', 1, '2018-02-19 03:58:17', '2018-02-19 03:58:17'),
(291, 43, 'Treva Shields II', 'Odio totam sit odit soluta repudiandae ut. Voluptatibus ipsa ipsam laudantium dignissimos. Cumque corrupti omnis earum.', 0, '2018-02-19 03:58:17', '2018-02-19 03:58:17'),
(292, 29, 'Hector Quitzon', 'Voluptas pariatur quia accusantium suscipit dolore consequatur. Corrupti sit sequi maxime est voluptas esse. Repellat molestiae voluptatem qui illum maxime qui. Dolorem similique rem omnis voluptatem itaque odio.', 2, '2018-02-19 03:58:17', '2018-02-19 03:58:17'),
(293, 24, 'Chelsie Pouros', 'Culpa laboriosam repudiandae rem optio ipsa occaecati. Libero in voluptas fugit autem eum libero. Molestiae a tenetur ipsam sed eum. Non harum eum perspiciatis et temporibus minus tempora.', 3, '2018-02-19 03:58:17', '2018-02-19 03:58:17'),
(294, 20, 'Delmer VonRueden', 'Dolorem consequatur nesciunt ex amet qui velit. Necessitatibus itaque commodi iste dolores sed. Ipsa omnis dolor dolor quo facilis perspiciatis nemo.', 5, '2018-02-19 03:58:17', '2018-02-19 03:58:17'),
(295, 133, 'Prof. Jamir Daugherty MD', 'Repellendus minus facilis modi dignissimos quo rem. Dignissimos ea inventore ut ad beatae. Dolore ut porro eos. Iusto vel qui explicabo possimus enim.', 3, '2018-02-19 03:58:17', '2018-02-19 03:58:17'),
(296, 114, 'Ms. Hollie Wuckert', 'Fuga at praesentium officiis necessitatibus. Est facere culpa iste amet asperiores sed magni. Quasi aut aliquam necessitatibus magnam numquam. Est aut suscipit eum et rerum cum.', 3, '2018-02-19 03:58:17', '2018-02-19 03:58:17'),
(297, 59, 'Kristin Kihn', 'Quo autem qui doloribus qui dolorem rerum. Quo fugit ea velit quisquam accusamus omnis ullam. Expedita autem impedit voluptatem blanditiis et.', 0, '2018-02-19 03:58:17', '2018-02-19 03:58:17'),
(298, 143, 'Mr. Anastacio Bailey Jr.', 'Consequatur fuga corrupti rerum eum fugiat unde ratione. Natus ad totam ex non eligendi deleniti fugiat. Ab perspiciatis vero qui et fugit tenetur.', 4, '2018-02-19 03:58:17', '2018-02-19 03:58:17'),
(299, 8, 'Adrianna Kuphal', 'Iste voluptatem numquam est et. Occaecati similique vel consequatur aut aut. Omnis vel dolorem ab cupiditate.', 4, '2018-02-19 03:58:17', '2018-02-19 03:58:17'),
(300, 9, 'Mekhi Cruickshank IV', 'Est aspernatur quo quia. Nulla hic est dolorem sed eum aperiam. Totam eligendi veniam qui optio.', 4, '2018-02-19 03:58:17', '2018-02-19 03:58:17');

-- --------------------------------------------------------

--
-- Table structure for table `users`
--

CREATE TABLE `users` (
  `id` int(10) UNSIGNED NOT NULL,
  `name` varchar(255) COLLATE utf8mb4_unicode_ci NOT NULL,
  `email` varchar(255) COLLATE utf8mb4_unicode_ci NOT NULL,
  `password` varchar(255) COLLATE utf8mb4_unicode_ci NOT NULL,
  `remember_token` varchar(100) COLLATE utf8mb4_unicode_ci DEFAULT NULL,
  `created_at` timestamp NULL DEFAULT NULL,
  `updated_at` timestamp NULL DEFAULT NULL
) ENGINE=InnoDB DEFAULT CHARSET=utf8mb4 COLLATE=utf8mb4_unicode_ci;

--
-- Indexes for dumped tables
--

--
-- Indexes for table `migrations`
--
ALTER TABLE `migrations`
  ADD PRIMARY KEY (`id`);

--
-- Indexes for table `password_resets`
--
ALTER TABLE `password_resets`
  ADD KEY `password_resets_email_index` (`email`);

--
-- Indexes for table `products`
--
ALTER TABLE `products`
  ADD PRIMARY KEY (`id`);

--
-- Indexes for table `reviews`
--
ALTER TABLE `reviews`
  ADD PRIMARY KEY (`id`),
  ADD KEY `reviews_product_id_index` (`product_id`);

--
-- Indexes for table `users`
--
ALTER TABLE `users`
  ADD PRIMARY KEY (`id`),
  ADD UNIQUE KEY `users_email_unique` (`email`);

--
-- AUTO_INCREMENT for dumped tables
--

--
-- AUTO_INCREMENT for table `migrations`
--
ALTER TABLE `migrations`
  MODIFY `id` int(10) UNSIGNED NOT NULL AUTO_INCREMENT, AUTO_INCREMENT=5;
--
-- AUTO_INCREMENT for table `products`
--
ALTER TABLE `products`
  MODIFY `id` int(10) UNSIGNED NOT NULL AUTO_INCREMENT, AUTO_INCREMENT=151;
--
-- AUTO_INCREMENT for table `reviews`
--
ALTER TABLE `reviews`
  MODIFY `id` int(10) UNSIGNED NOT NULL AUTO_INCREMENT, AUTO_INCREMENT=301;
--
-- AUTO_INCREMENT for table `users`
--
ALTER TABLE `users`
  MODIFY `id` int(10) UNSIGNED NOT NULL AUTO_INCREMENT;
--
-- Constraints for dumped tables
--

--
-- Constraints for table `reviews`
--
ALTER TABLE `reviews`
  ADD CONSTRAINT `reviews_product_id_foreign` FOREIGN KEY (`product_id`) REFERENCES `products` (`id`) ON DELETE CASCADE;

/*!40101 SET CHARACTER_SET_CLIENT=@OLD_CHARACTER_SET_CLIENT */;
/*!40101 SET CHARACTER_SET_RESULTS=@OLD_CHARACTER_SET_RESULTS */;
/*!40101 SET COLLATION_CONNECTION=@OLD_COLLATION_CONNECTION */;
